customer_id,name,email,tel_number,address,date_of_birthday,date_of_inscription
1,Benoit Huntar,bhuntar0@rediff.com,126-79-2930,81535 Meadow Valley Crossing,28/11/1963,19/07/2022
2,Skye Pardon,spardon1@webeden.co.uk,477-31-7993,76 Myrtle Way,23/02/1968,14/07/2022
3,Caro Cready,ccready2@netscape.com,351-98-1385,0239 Stone Corner Terrace,03/01/1999,29/11/2020
4,Engelbert Gillio,egillio3@forbes.com,433-03-5104,5756 Village Center,01/02/1987,04/12/2021
5,Huntley Le-Good,hlegood4@cnbc.com,592-77-9977,26587 Marquette Court,24/03/1964,24/10/2019
6,Abba Dulinty,adulinty5@ezinearticles.com,105-89-7891,56 Spenser Crossing,28/10/1990,14/08/2020
7,Giovanni Elvidge,gelvidge6@youtube.com,880-75-4819,71 Moulton Crossing,07/08/1958,16/11/2019
8,Kellyann Cisneros,kcisneros7@netvibes.com,179-52-1658,3539 Dryden Circle,15/01/1971,26/05/2022
9,Grayce Downing,gdowning8@networksolutions.com,420-17-9265,78928 Anderson Park,18/05/2000,11/05/2020
10,Orran Dawbery,odawbery9@skyrock.com,163-88-1478,20898 Dixon Plaza,21/09/1971,19/12/2021
11,Giselbert Gilby,ggilbya@bloglovin.com,305-18-2920,800 Swallow Court,23/02/2001,25/09/2019
12,Erwin Tregien,etregienb@yahoo.co.jp,557-56-1690,86886 Hovde Junction,22/08/1989,17/09/2020
13,Kenn Philippon,kphilipponc@reddit.com,167-19-6891,8826 Troy Plaza,17/12/1991,05/05/2021
14,Marlow Pleasants,mpleasantsd@plala.or.jp,269-31-1660,0641 Lakewood Gardens Trail,17/09/1988,25/06/2019
15,Maximo Weighell,mweighelle@home.pl,388-90-5297,99823 Farragut Crossing,22/07/1952,12/02/2022
16,Borg Binfield,bbinfieldf@cnet.com,448-18-7811,74801 Loeprich Place,19/03/1989,19/01/2019
17,Isa Lawlan,ilawlang@posterous.com,742-10-6002,291 Ruskin Circle,19/09/1987,17/03/2022
18,Perle Twentyman,ptwentymanh@t-online.de,205-27-4611,46006 Butterfield Trail,31/03/1943,20/02/2022
19,Bevon Ozelton,bozeltoni@timesonline.co.uk,587-34-6810,482 New Castle Parkway,07/07/1985,19/07/2021
20,Agnella Bim,abimj@mapquest.com,897-83-5003,26 Fair Oaks Alley,02/12/1985,13/09/2021
21,Godfrey Keitch,gkeitchk@goo.gl,587-40-5571,481 Independence Road,31/08/1965,28/03/2019
22,Ardella Fairman,afairmanl@youtu.be,676-79-6649,5 Havey Court,25/09/1968,21/08/2020
23,Dulciana Cona,dconam@amazon.co.uk,779-97-2973,27266 Warner Avenue,26/09/1959,15/11/2019
24,Janessa Dumbrell,jdumbrelln@360.cn,885-68-1483,9751 Kenwood Trail,16/09/1941,22/07/2020
25,Roberto Neiland,rneilando@nydailynews.com,545-11-8785,801 Butternut Drive,07/04/2011,27/07/2022
26,Alida Bartholomew,abartholomewp@yahoo.co.jp,391-35-1114,72601 Oxford Junction,08/10/1960,06/12/2018
27,Cathy I'anson,ciansonq@weather.com,682-27-7064,1 Fallview Court,30/04/1983,21/12/2022
28,Olivia Braithwaite,obraithwaiter@posterous.com,526-11-5053,46884 Hazelcrest Center,12/12/1960,22/07/2019
29,Elke Fern,eferns@google.co.jp,413-78-6357,1 Westend Trail,20/11/1999,28/08/2020
30,Janie Gogan,jgogant@webs.com,838-23-1731,53682 Drewry Junction,13/05/1960,03/04/2021
31,Trudi Orrett,torrettu@dropbox.com,810-91-1091,600 Lukken Way,19/10/1963,19/09/2020
32,Henriette Barnewall,hbarnewallv@cyberchimps.com,485-54-0148,0 Eagle Crest Point,05/01/1972,12/03/2022
33,Kristy Duckhouse,kduckhousew@yale.edu,665-30-7637,92340 Pepper Wood Way,10/02/1998,26/03/2020
34,Barbette Stapylton,bstapyltonx@google.com.au,488-22-7751,93 Becker Alley,01/08/1955,26/04/2022
35,Kathye Grishanin,kgrishaniny@soup.io,609-77-1528,19 American Road,27/04/1965,26/09/2020
36,Maryellen Gerrard,mgerrardz@buzzfeed.com,310-12-5912,8296 Hermina Lane,26/07/2015,09/05/2022
37,Lelah Cobbald,lcobbald10@ca.gov,329-93-6863,38 Porter Drive,03/04/1980,15/12/2018
38,Kirstin Wilcock,kwilcock11@businessweek.com,471-49-6358,6 Jay Park,12/06/2002,19/03/2022
39,Ced Filipponi,cfilipponi12@ebay.co.uk,160-40-4970,57 Russell Crossing,30/03/1960,01/01/2019
40,Alyson Kewzick,akewzick13@irs.gov,885-86-8098,73 Reindahl Point,28/04/2009,19/06/2020
41,Ardeen Yurocjkin,ayurocjkin14@indiegogo.com,864-69-3759,66 Manley Road,28/04/1973,25/06/2021
42,Roobbie Lesslie,rlesslie15@4shared.com,416-10-2793,391 Morning Road,21/02/1993,06/05/2019
43,Lilly Raynton,lraynton16@gizmodo.com,691-05-3717,84 Steensland Park,16/10/1968,15/08/2022
44,Roberto Hinchshaw,rhinchshaw17@dailymotion.com,853-55-2686,610 Valley Edge Drive,10/08/2014,06/10/2019
45,Normy Woodthorpe,nwoodthorpe18@google.it,340-19-7077,2 Aberg Avenue,13/08/1976,17/02/2020
46,Sunshine Tuhy,stuhy19@delicious.com,627-78-8180,92 Bartillon Plaza,07/01/1962,05/12/2021
47,Bernadene Culligan,bculligan1a@bloglovin.com,463-05-5413,6714 Upham Avenue,10/02/1971,25/01/2021
48,Daffie Lared,dlared1b@spiegel.de,125-95-7778,26765 Hooker Avenue,07/05/2015,04/07/2022
49,Cherilynn Hynde,chynde1c@engadget.com,418-97-2101,30994 Forster Hill,28/09/1947,20/03/2021
50,Cos Weems,cweems1d@360.cn,825-06-9988,419 Duke Terrace,03/11/2007,15/03/2021
51,Hussein Bour,hbour1e@pen.io,404-99-5588,53198 Porter Drive,14/06/1962,31/08/2019
52,Caldwell Ledger,cledger1f@163.com,453-04-6234,6495 Crescent Oaks Trail,07/03/1969,19/07/2022
53,Orren Dowman,odowman1g@freewebs.com,431-44-0738,2 Dorton Drive,04/07/1957,07/04/2020
54,Barbra Cleynaert,bcleynaert1h@state.tx.us,817-01-3426,3094 Moland Circle,13/05/1999,12/03/2019
55,Burgess Leckey,bleckey1i@jimdo.com,158-36-3310,85943 Eagle Crest Road,04/06/1963,26/08/2022
56,Lyndel Claremont,lclaremont1j@ezinearticles.com,170-88-5089,701 Hermina Drive,22/02/1980,04/07/2021
57,Alva Dunnett,adunnett1k@desdev.cn,760-87-7078,589 Browning Avenue,20/08/1972,12/12/2018
58,Ginni Carslake,gcarslake1l@fotki.com,371-33-3947,44 Summit Avenue,16/12/1992,13/10/2019
59,Berry Lyfe,blyfe1m@cornell.edu,147-30-3366,5894 Schurz Park,10/02/2011,09/05/2019
60,Carolus Nannetti,cnannetti1n@businesswire.com,302-90-8314,95389 Thierer Center,17/03/2008,20/06/2020
61,Christine Radbone,cradbone1o@arizona.edu,565-99-8064,60863 Buena Vista Place,22/10/1946,09/10/2019
62,Adair Derell,aderell1p@biglobe.ne.jp,118-37-1791,9 Johnson Trail,09/04/2012,27/11/2020
63,Ebony Algeo,ealgeo1q@privacy.gov.au,769-53-0944,24068 Bunker Hill Junction,08/03/1943,27/09/2022
64,Allan Mandifield,amandifield1r@dedecms.com,657-67-7730,63 Cordelia Way,02/08/1948,18/09/2021
65,Englebert Overbury,eoverbury1s@oracle.com,626-92-6894,3265 Boyd Crossing,24/11/1991,15/02/2020
66,Jessalin Weafer,jweafer1t@skype.com,846-81-2816,72611 Claremont Crossing,18/12/1967,30/10/2019
67,Jasen Jachtym,jjachtym1u@github.com,543-67-0117,82210 Tennessee Place,11/05/1998,06/12/2021
68,Gilberto Attenborough,gattenborough1v@marketwatch.com,128-75-7379,14 Westerfield Junction,25/11/1997,17/03/2022
69,Berta Bisco,bbisco1w@mit.edu,616-53-3214,17339 Rowland Junction,12/10/1983,26/10/2020
70,Louise Folomkin,lfolomkin1x@seesaa.net,609-33-6538,27 Bunker Hill Point,20/07/1999,29/11/2022
71,Gonzales Kingett,gkingett1y@rediff.com,167-54-6166,82 Canary Plaza,06/10/1980,05/06/2021
72,Jolee Dudbridge,jdudbridge1z@over-blog.com,117-56-9099,981 Ridgeway Court,26/05/2012,26/06/2021
73,Tan Pogson,tpogson20@hexun.com,519-13-8195,398 Menomonie Crossing,04/12/1976,25/06/2022
74,Calla Comford,ccomford21@ehow.com,551-98-2442,90 Morrow Junction,09/11/1943,11/03/2020
75,Marcia Beche,mbeche22@slashdot.org,830-52-8930,72662 Vermont Way,17/08/1989,02/12/2022
76,Skipton Bussens,sbussens23@google.com.au,230-40-7775,07 Mockingbird Hill,12/03/1951,04/04/2019
77,Evvy Tungay,etungay24@constantcontact.com,259-46-7846,34232 Merry Circle,12/10/2010,26/03/2019
78,Aldo Meltetal,ameltetal25@cmu.edu,369-67-6372,5 Commercial Lane,19/10/1948,10/08/2022
79,Sallyann Branca,sbranca26@deliciousdays.com,307-26-7085,9 Fordem Alley,10/01/1997,24/12/2022
80,Aileen Thrush,athrush27@mozilla.org,351-75-7662,3 Summit Plaza,24/09/1954,21/12/2022
81,Allie Maunders,amaunders28@nydailynews.com,513-31-0265,6 Charing Cross Road,13/06/1946,25/02/2021
82,Evie Starie,estarie29@cdbaby.com,318-89-5945,57 Raven Street,08/06/2006,09/05/2022
83,Massimiliano Coldwell,mcoldwell2a@techcrunch.com,541-59-9844,3055 Clyde Gallagher Terrace,12/06/1958,31/01/2021
84,Dougie Pead,dpead2b@tinyurl.com,390-71-8279,65001 Bunker Hill Parkway,05/04/1963,04/05/2019
85,Prince Gudge,pgudge2c@51.la,633-88-9653,8 North Terrace,09/05/2013,06/04/2019
86,Clerkclaude Rae,crae2d@google.com.au,453-49-9170,075 Burrows Avenue,20/04/2002,14/05/2019
87,Sue Wakerley,swakerley2e@theguardian.com,530-40-6527,40539 Warner Point,16/11/1984,02/05/2022
88,Quintin Maass,qmaass2f@twitter.com,689-09-8927,32451 7th Street,29/08/1957,18/11/2022
89,Tamarah Dominique,tdominique2g@unc.edu,460-04-8630,84 Spohn Court,03/06/2003,24/08/2020
90,Lacy Mott,lmott2h@weather.com,519-87-0754,8161 Chive Junction,19/06/1959,10/03/2020
91,Esther Lexa,elexa2i@jugem.jp,192-12-5531,60990 Leroy Avenue,06/07/1974,02/09/2020
92,Alli Faire,afaire2j@acquirethisname.com,556-31-7941,032 Messerschmidt Alley,10/07/2008,04/05/2021
93,Randie Wellwood,rwellwood2k@drupal.org,281-53-8869,16 Coolidge Road,13/06/1970,13/12/2022
94,Willi McCauley,wmccauley2l@baidu.com,796-53-6978,25 Scoville Lane,02/01/1969,11/02/2019
95,Nissie Bourthouloume,nbourthouloume2m@skype.com,644-58-7313,15 Maryland Center,01/06/1969,16/07/2019
96,Leela Rawles,lrawles2n@state.gov,746-04-7395,46682 Monterey Alley,11/12/1988,23/01/2021
97,Natalina Cristol,ncristol2o@google.it,166-24-2190,7652 Oriole Way,31/08/1970,02/05/2019
98,Bartolomeo Rudd,brudd2p@imdb.com,352-11-1354,9 Nelson Pass,04/10/2012,26/07/2022
99,Lucilia Cussins,lcussins2q@elpais.com,179-90-5276,75 Esch Road,16/01/1984,01/07/2022
100,Margarette Banasik,mbanasik2r@seattletimes.com,617-27-5469,10278 Talisman Plaza,19/05/1973,18/11/2019
101,Beilul Sprade,bsprade2s@domainmarket.com,863-23-5600,7 Burning Wood Plaza,16/06/2004,05/07/2020
102,Saidee Stansfield,sstansfield2t@51.la,334-33-9814,05 Little Fleur Place,17/12/1989,09/03/2022
103,Ann-marie Heibl,aheibl2u@indiegogo.com,511-09-8861,102 Oakridge Avenue,11/02/1953,22/01/2019
104,Mimi Haggidon,mhaggidon2v@cnet.com,854-57-6694,726 Oakridge Way,21/11/1942,05/12/2019
105,Mirabelle Duly,mduly2w@unesco.org,563-47-6448,3537 Towne Crossing,02/02/1969,20/11/2021
106,Edgardo Tosh,etosh2x@comcast.net,224-14-3543,35365 Bluestem Hill,14/05/1995,04/09/2019
107,Ulric Boater,uboater2y@lulu.com,159-33-1858,174 Reindahl Crossing,07/08/1954,05/06/2019
108,Ludvig Stutter,lstutter2z@senate.gov,469-92-9941,2646 Moland Crossing,30/01/1961,08/06/2020
109,Taite Edsall,tedsall30@unicef.org,380-86-3123,25735 Esker Pass,11/05/1954,28/01/2019
110,Meyer Glazer,mglazer31@wikimedia.org,430-32-8390,1 Sachtjen Trail,02/06/2005,13/06/2022
111,Abigael Van Driel,avan32@sbwire.com,697-73-1039,36 Bellgrove Pass,08/11/2005,30/11/2021
112,Daniella Cheasman,dcheasman33@amazon.de,264-16-9756,72 North Plaza,14/05/2002,23/10/2022
113,Kennie Waymont,kwaymont34@whitehouse.gov,647-58-0108,47 Continental Circle,29/09/1942,21/06/2022
114,Hashim Bowstead,hbowstead35@intel.com,133-59-5323,05847 Kingsford Trail,18/12/1968,12/06/2019
115,Lorianna Sabbin,lsabbin36@biglobe.ne.jp,528-42-4854,12539 Caliangt Road,01/03/1991,13/06/2020
116,Sergei Pickless,spickless37@mayoclinic.com,654-82-4990,30 Golden Leaf Junction,04/11/2005,03/02/2019
117,Dale Briddock,dbriddock38@sciencedirect.com,214-82-1328,1 Truax Point,14/12/1989,14/03/2021
118,Raquel Tsarovic,rtsarovic39@illinois.edu,400-45-1238,54610 Dawn Street,04/03/1989,20/12/2020
119,Katalin Irons,kirons3a@taobao.com,753-25-6008,6 Spenser Point,29/03/1980,25/03/2022
120,Goraud Jack,gjack3b@nydailynews.com,761-15-8213,766 Onsgard Avenue,30/03/1999,09/08/2019
121,Thor Lukes,tlukes3c@cafepress.com,569-54-0479,5978 Hudson Place,01/07/1986,01/01/2020
122,Allie Strood,astrood3d@oaic.gov.au,232-10-2386,2023 Myrtle Point,13/06/1998,02/05/2022
123,Stanley Crumb,scrumb3e@usnews.com,231-66-2683,04245 Merchant Trail,03/09/1960,24/05/2021
124,Ashleigh Mc Caughen,amc3f@wix.com,428-39-2193,329 Huxley Junction,03/12/2010,06/04/2019
125,Nikkie Twine,ntwine3g@i2i.jp,263-38-1061,9185 Tennyson Point,23/09/1961,09/10/2019
126,Madelon Deschlein,mdeschlein3h@plala.or.jp,742-01-2237,13280 Meadow Vale Road,16/08/1974,10/01/2022
127,Stanislaus Dellit,sdellit3i@angelfire.com,535-27-0037,59418 2nd Court,22/08/1953,26/08/2019
128,Verney Eastup,veastup3j@fotki.com,628-38-3768,2 La Follette Place,04/06/1988,30/09/2022
129,Deana Adamsen,dadamsen3k@github.com,603-68-7587,93202 Northport Avenue,08/02/2016,31/10/2019
130,Dukey Fayre,dfayre3l@sitemeter.com,586-22-6221,1 Eastwood Hill,29/07/2000,20/03/2022
131,Minette Lymer,mlymer3m@simplemachines.org,176-72-5408,0875 Jackson Place,03/09/1972,21/08/2021
132,Nettle Gaynor,ngaynor3n@unblog.fr,568-35-8920,00 Veith Pass,05/11/1980,22/08/2020
133,Luke Daglish,ldaglish3o@va.gov,124-13-8438,96 Cordelia Park,23/12/1969,01/09/2022
134,Alikee Martinovsky,amartinovsky3p@prnewswire.com,547-43-5595,7 Sachtjen Lane,27/11/1952,30/10/2022
135,Ephraim Illyes,eillyes3q@ftc.gov,225-81-6359,77 Quincy Parkway,19/03/2011,22/08/2020
136,Mariska Losemann,mlosemann3r@webnode.com,863-54-6523,223 Farwell Drive,10/12/1955,05/01/2019
137,Isobel Buddles,ibuddles3s@bloglines.com,615-32-7057,3 Orin Center,07/07/1973,27/06/2020
138,Nathan Mahaddie,nmahaddie3t@ucoz.com,535-37-4726,43744 Almo Center,07/01/1962,12/01/2019
139,Dedie Dargue,ddargue3u@simplemachines.org,701-96-7103,5816 Corry Circle,15/10/1953,26/11/2020
140,Joseito Huxster,jhuxster3v@theguardian.com,334-56-2163,0 Carpenter Court,09/08/1962,25/08/2019
141,Ryan Slayton,rslayton3w@mapquest.com,866-92-8255,87 Green Street,30/04/1946,09/06/2022
142,Renard Flemmich,rflemmich3x@bbb.org,824-65-6236,90 Hermina Street,09/08/1959,02/03/2021
143,Lemuel Eykelbosch,leykelbosch3y@cpanel.net,489-90-5368,014 Nancy Alley,10/05/1961,25/04/2019
144,Arlette Critchlow,acritchlow3z@friendfeed.com,275-15-2050,8 Hermina Parkway,31/12/1995,17/07/2021
145,Bertie Carle,bcarle40@dailymail.co.uk,282-03-8471,72 Kedzie Center,13/09/1986,09/12/2019
146,Reeva Van de Castele,rvan41@google.es,112-66-2166,88 Sage Alley,26/10/1996,04/01/2019
147,Lesley Shearme,lshearme42@mtv.com,324-89-2890,15572 Havey Junction,13/04/1951,27/07/2022
148,Georgine O'Dee,godee43@amazon.de,515-20-5251,57349 Oak Valley Point,03/07/1972,07/05/2019
149,Bertine Obeney,bobeney44@bravesites.com,728-71-6505,14 Colorado Circle,10/10/1977,25/07/2019
150,Ingra Javes,ijaves45@ftc.gov,417-44-7463,14 Roxbury Road,14/11/1955,27/09/2021
151,Carolynn Bullion,cbullion46@themeforest.net,753-65-5630,5757 Oakridge Street,27/08/1948,30/03/2021
152,Fransisco Schwaiger,fschwaiger47@pcworld.com,432-43-8968,576 North Way,10/07/1970,05/12/2022
153,Maren Whitwam,mwhitwam48@forbes.com,825-88-3972,8036 Troy Pass,28/10/1993,03/02/2021
154,Dottie Wilstead,dwilstead49@addthis.com,131-11-1049,180 Warbler Road,16/10/1978,10/05/2022
155,Ida Goseling,igoseling4a@mashable.com,610-46-7216,33662 Namekagon Place,24/03/1944,19/09/2020
156,Herschel Sargeaunt,hsargeaunt4b@hubpages.com,818-24-2506,57 Lerdahl Parkway,01/09/1956,27/09/2021
157,Cortie Gibbin,cgibbin4c@geocities.com,411-25-4378,87 Marquette Lane,23/07/1979,18/07/2022
158,Aldridge Hawkes,ahawkes4d@desdev.cn,414-48-0382,49 Heffernan Court,18/11/2007,31/08/2022
159,Emmerich Lindman,elindman4e@addtoany.com,583-56-0300,6 School Place,20/07/1972,22/08/2022
160,Hermia Seagrave,hseagrave4f@furl.net,241-44-5783,0991 Leroy Way,07/12/2011,20/04/2019
161,Vasily Pride,vpride4g@wufoo.com,417-39-3717,5730 Eliot Alley,15/08/2009,18/01/2019
162,Maxie Stangoe,mstangoe4h@ihg.com,459-29-4366,96680 Manufacturers Place,07/04/1944,22/05/2021
163,Bale Elcoat,belcoat4i@craigslist.org,871-98-3810,54 Tony Junction,02/12/1989,02/06/2020
164,Dalis Roarty,droarty4j@utexas.edu,396-88-5975,69819 Granby Center,17/04/1961,25/07/2019
165,Adrianna Curm,acurm4k@furl.net,823-19-6871,55 Reindahl Crossing,08/02/1971,29/04/2020
166,Kym Skate,kskate4l@istockphoto.com,469-63-1138,10586 Pierstorff Trail,29/12/1963,27/11/2020
167,Daria Valder,dvalder4m@ebay.co.uk,306-54-2322,2 Bay Alley,23/01/1944,18/08/2019
168,Mathian Fleeman,mfleeman4n@marketwatch.com,316-62-1699,082 American Ash Center,22/10/1975,18/11/2021
169,Cross Clara,cclara4o@printfriendly.com,789-95-8571,3 Crownhardt Park,22/09/1997,18/06/2019
170,Sol Skegg,sskegg4p@shinystat.com,889-97-9644,2157 Brown Circle,06/01/1997,28/12/2021
171,Nev Nornasell,nnornasell4q@wordpress.org,125-52-2674,237 Green Circle,11/09/2009,17/02/2022
172,Isidora Boakes,iboakes4r@bloglovin.com,504-15-6113,12 Independence Place,27/03/1951,23/01/2021
173,Shea Lindback,slindback4s@slashdot.org,827-21-7963,32 Ilene Point,16/09/1958,24/10/2022
174,Lonni Cholwell,lcholwell4t@prlog.org,749-35-1218,27586 Dwight Park,18/02/1987,24/11/2020
175,Artemas Chedgey,achedgey4u@sina.com.cn,650-23-9034,4364 Harbort Avenue,02/12/1961,21/11/2021
176,Meyer Shepherdson,mshepherdson4v@deliciousdays.com,318-51-6892,64 Hazelcrest Point,20/08/1956,10/09/2020
177,Leann Elliss,lelliss4w@parallels.com,554-28-8434,420 Surrey Terrace,04/09/1962,27/09/2022
178,Kerstin De Mitri,kde4x@bandcamp.com,304-80-3858,530 Cottonwood Crossing,11/01/1945,21/09/2020
179,Demeter Minichillo,dminichillo4y@ibm.com,364-09-4064,31391 Ludington Plaza,11/02/2006,29/05/2022
180,Elset Ionn,eionn4z@seesaa.net,130-23-1651,5531 Caliangt Street,06/01/1958,25/03/2021
181,Audre Matfin,amatfin50@cbc.ca,568-88-5243,4 Grayhawk Street,24/03/1997,16/04/2020
182,Sada Gottschalk,sgottschalk51@nih.gov,840-22-2024,8091 Meadow Ridge Parkway,08/05/1968,19/09/2021
183,Caria Diter,cditer52@google.es,574-86-0198,411 Harper Hill,10/03/1978,09/06/2022
184,Gregorio Larman,glarman53@rambler.ru,212-37-1607,185 Bultman Trail,07/06/1952,16/12/2020
185,Joice Moberley,jmoberley54@apache.org,682-61-1496,0716 Leroy Lane,18/07/1999,28/09/2022
186,Jammal Sorrell,jsorrell55@merriam-webster.com,605-94-1413,6142 1st Road,19/04/1957,19/02/2021
187,Cherlyn Puckrin,cpuckrin56@geocities.jp,275-23-7772,7462 Birchwood Drive,24/11/1950,06/05/2021
188,Billye Willarton,bwillarton57@arizona.edu,386-97-0121,2 Lien Lane,29/01/2007,27/10/2021
189,Olive Overpool,ooverpool58@si.edu,118-77-5852,848 Elgar Circle,13/11/1993,21/03/2019
190,Hogan Spellessy,hspellessy59@tinypic.com,362-98-8743,46719 Katie Street,22/09/2013,08/09/2021
191,Bernardina Roycroft,broycroft5a@nhs.uk,608-69-0702,53 Blackbird Circle,01/03/1969,02/02/2022
192,Moore Krzysztof,mkrzysztof5b@naver.com,321-41-5814,3 American Ash Drive,22/08/1963,05/02/2022
193,Kent Morling,kmorling5c@rambler.ru,496-77-7105,6426 Schurz Center,24/01/1996,28/01/2019
194,Swen Kasman,skasman5d@nps.gov,276-76-1825,38 Dakota Parkway,23/02/1979,27/03/2019
195,Ewan Schulken,eschulken5e@google.com.br,372-96-8038,18 Nancy Circle,15/02/1982,05/10/2022
196,Seamus Cullinan,scullinan5f@census.gov,358-49-4192,93847 Helena Road,21/11/1991,22/02/2022
197,Lazar Warrilow,lwarrilow5g@nsw.gov.au,661-40-8711,2 Donald Hill,29/03/1942,04/05/2020
198,Calypso Hacquoil,chacquoil5h@netlog.com,635-23-5609,69199 Waywood Trail,04/08/2011,30/09/2022
199,Georgine Achurch,gachurch5i@prlog.org,557-52-2051,8970 Reinke Circle,23/03/1942,04/12/2019
200,Delmor Feldmann,dfeldmann5j@nsw.gov.au,732-22-5188,7354 Weeping Birch Alley,27/01/1975,19/10/2020
201,Edith Hubane,ehubane5k@nbcnews.com,179-96-3170,0602 Forest Run Circle,14/09/1970,31/08/2021
202,Devlin Baford,dbaford5l@ed.gov,118-86-5337,1 Dottie Hill,09/12/1981,24/02/2022
203,Tyrone Collough,tcollough5m@marketwatch.com,247-83-2657,58 Tomscot Hill,10/11/1947,14/12/2021
204,Alleyn Scothorne,ascothorne5n@icq.com,698-35-0141,25093 Butternut Place,30/05/1991,12/08/2019
205,Justino Hunting,jhunting5o@biglobe.ne.jp,367-97-9036,2161 Macpherson Trail,06/05/1951,23/08/2022
206,Shelby O'Cahey,socahey5p@sakura.ne.jp,258-12-9366,137 Southridge Street,20/05/1949,07/03/2021
207,Zeke Ashbrook,zashbrook5q@squidoo.com,249-35-4825,90 Longview Junction,17/03/1945,01/02/2022
208,Saba Casoni,scasoni5r@slate.com,213-42-3883,03718 Rutledge Crossing,23/11/2004,28/11/2020
209,Phelia Stiegar,pstiegar5s@wordpress.com,670-77-5168,757 Garrison Road,13/08/2005,26/10/2019
210,Stefan Crudge,scrudge5t@aboutads.info,322-08-9226,2488 Logan Street,20/09/1959,03/08/2019
211,Euell Elverstone,eelverstone5u@deliciousdays.com,403-72-8841,2 Chinook Hill,17/07/1973,20/02/2020
212,Sabra Gostage,sgostage5v@csmonitor.com,545-81-0528,8 Melody Way,21/11/1993,23/06/2022
213,Jess Horsewood,jhorsewood5w@trellian.com,758-78-4513,34642 Vahlen Avenue,14/08/1955,09/08/2019
214,Free Ovise,fovise5x@forbes.com,713-97-8093,09334 Crest Line Junction,03/05/1957,05/11/2020
215,Sharyl Samwell,ssamwell5y@sourceforge.net,376-50-5422,56 American Lane,15/08/1978,21/05/2020
216,Maryl Remer,mremer5z@themeforest.net,705-23-2728,649 Scofield Trail,20/05/1992,02/12/2020
217,Bentlee McGaw,bmcgaw60@nba.com,194-25-2927,15140 Manufacturers Street,24/06/1947,27/12/2021
218,Katheryn Argont,kargont61@unesco.org,153-98-8143,4379 Melody Hill,18/02/1990,13/04/2020
219,Wilona Dunkley,wdunkley62@irs.gov,541-30-0270,77 Russell Drive,03/06/2013,07/01/2020
220,Glynis Waber,gwaber63@tripod.com,869-70-8974,8928 Shoshone Hill,09/11/2007,23/10/2020
221,Tatiana Ocklin,tocklin64@wikia.com,297-55-4789,3818 Gale Lane,30/01/1953,20/07/2021
222,Fitzgerald Laird,flaird65@mapy.cz,814-11-5280,80714 Corscot Hill,12/06/2002,16/06/2022
223,Josefa Llewellen,jllewellen66@ucoz.com,223-46-2559,069 Birchwood Circle,07/12/1977,22/08/2020
224,Woodman McAneny,wmcaneny67@nifty.com,852-07-4334,7210 Continental Plaza,23/03/2006,15/04/2019
225,Abbot De Nisco,ade68@miibeian.gov.cn,258-83-4868,4 Pawling Pass,07/03/1951,12/03/2019
226,Leeann Waddams,lwaddams69@xinhuanet.com,268-34-4737,72 Reinke Plaza,24/06/1982,07/08/2020
227,Cloris Heavyside,cheavyside6a@youku.com,770-80-1867,84549 Garrison Drive,01/12/1947,16/07/2022
228,Noe Shuter,nshuter6b@woothemes.com,218-21-5006,4 Northfield Street,06/10/1989,23/04/2019
229,Jackelyn Featherstonehaugh,jfeatherstonehaugh6c@nps.gov,517-11-5135,727 Nobel Place,11/07/1973,22/05/2022
230,Miner Murtell,mmurtell6d@tripod.com,414-73-1749,81000 Waxwing Parkway,06/08/2001,22/06/2019
231,Ethe Smurthwaite,esmurthwaite6e@who.int,244-72-9179,507 Hansons Parkway,31/07/2013,10/11/2020
232,Pepillo Joder,pjoder6f@independent.co.uk,282-21-6233,35 Rowland Pass,10/03/2001,06/01/2019
233,Claiborn Mougenel,cmougenel6g@elegantthemes.com,820-06-0701,400 Birchwood Drive,28/04/2004,06/10/2022
234,Dorree Larder,dlarder6h@umn.edu,853-64-4982,73912 8th Pass,31/03/2006,15/06/2019
235,Jeanne Rosengart,jrosengart6i@alibaba.com,224-79-0827,473 Kensington Park,13/02/1951,13/12/2018
236,Jyoti Baddam,jbaddam6j@goo.ne.jp,456-05-9710,5809 Sunnyside Pass,29/08/2014,20/10/2019
237,Kimmy Nelissen,knelissen6k@de.vu,325-20-2823,930 Valley Edge Crossing,06/04/1973,06/12/2021
238,Kendra Loughton,kloughton6l@nifty.com,360-72-2073,8 Glacier Hill Pass,19/12/2003,29/06/2022
239,Dulcinea Denge,ddenge6m@abc.net.au,558-73-6441,31 Merrick Road,24/10/2010,02/09/2022
240,Lamar Quigley,lquigley6n@army.mil,672-56-1492,0 Northport Way,13/11/1943,17/06/2020
241,Burt Jest,bjest6o@goo.gl,549-67-9715,872 Oriole Point,03/02/1994,13/12/2020
242,Reggis Gelling,rgelling6p@umn.edu,438-34-9215,03 Little Fleur Circle,03/10/2005,10/09/2022
243,Caryl Duckett,cduckett6q@smh.com.au,193-09-8226,1192 Canary Pass,12/08/2016,29/09/2022
244,Tammara Brellin,tbrellin6r@webeden.co.uk,661-56-4918,1454 Schlimgen Court,14/11/1975,22/12/2018
245,Corrianne Woof,cwoof6s@virginia.edu,495-82-6916,50 Algoma Lane,12/03/2003,30/09/2020
246,Clay Fleote,cfleote6t@ft.com,683-84-8256,30 Di Loreto Hill,08/11/2004,11/04/2019
247,Denna Schenkel,dschenkel6u@google.it,608-07-8324,4 Pankratz Plaza,11/12/1963,21/09/2022
248,La verne Gillum,lverne6v@wufoo.com,132-24-3449,005 Myrtle Trail,12/02/2011,07/05/2022
249,Phyllys Negri,pnegri6w@wp.com,417-13-5869,72941 Forest Run Way,26/05/1975,08/04/2020
250,Fae Strainge,fstrainge6x@cdc.gov,252-23-8167,2 Truax Street,15/05/1985,04/01/2020
251,Pall Lewty,plewty6y@timesonline.co.uk,770-59-0511,45 Gateway Road,24/03/1993,23/08/2021
252,Hamlin La Vigne,hla6z@nih.gov,797-03-1142,435 Michigan Avenue,23/09/1968,14/04/2019
253,Ulrich Abbes,uabbes70@google.de,717-60-5309,819 Kim Plaza,11/01/1990,07/10/2021
254,Dicky O' Mullan,do71@vimeo.com,693-67-3357,7991 Talmadge Place,25/12/1987,31/12/2018
255,Julianna Vernay,jvernay72@mysql.com,655-28-8544,13 West Pass,10/11/1989,22/05/2022
256,Karoly Baggiani,kbaggiani73@ihg.com,526-67-4267,03094 Service Place,30/04/2014,02/03/2021
257,Igor Alejo,ialejo74@aboutads.info,641-54-4735,38429 Paget Center,08/01/1992,06/06/2019
258,Nedda Dami,ndami75@gov.uk,544-09-3909,50153 Hoepker Way,01/02/1966,22/12/2020
259,Cathrin Krabbe,ckrabbe76@mozilla.com,186-94-2759,5515 Heffernan Trail,20/09/2008,24/02/2021
260,Ivie Mulholland,imulholland77@rakuten.co.jp,761-11-7263,48422 Hagan Center,02/11/1954,27/05/2019
261,Marilin Benkhe,mbenkhe78@dedecms.com,892-82-8991,095 Dapin Pass,25/09/1950,01/04/2020
262,Constanta Daltry,cdaltry79@themeforest.net,367-23-0281,4 Nevada Pass,15/05/1956,19/03/2020
263,Lynnette Devenish,ldevenish7a@list-manage.com,770-17-1659,15122 Fairview Way,12/06/1968,02/05/2022
264,Klement Brach,kbrach7b@google.com.hk,813-90-3892,8 Union Road,02/07/1980,20/12/2022
265,Troy Cusworth,tcusworth7c@sohu.com,134-93-7447,277 Rigney Avenue,14/09/2014,09/09/2022
266,Chance Skally,cskally7d@meetup.com,776-33-9026,23278 Anzinger Avenue,13/04/1983,06/11/2022
267,Janine Shilstone,jshilstone7e@netscape.com,700-20-0474,6 Bultman Drive,05/10/1984,24/10/2021
268,Binny Louden,blouden7f@wikimedia.org,345-77-5636,8709 Rockefeller Park,12/01/2011,28/05/2019
269,Edouard Wedderburn,ewedderburn7g@mapquest.com,865-74-7092,9 Drewry Pass,31/07/1960,12/02/2021
270,Maire Hatt,mhatt7h@un.org,400-71-8892,6995 Brickson Park Center,24/08/1974,12/01/2021
271,Gracie Nezey,gnezey7i@jimdo.com,587-45-0355,9 Waubesa Crossing,21/05/1952,15/05/2019
272,Shelly Quinnelly,squinnelly7j@hao123.com,212-51-1354,4126 Green Ridge Place,11/09/1976,02/04/2021
273,Tarrah Di Batista,tdi7k@livejournal.com,233-59-3365,09 Nova Crossing,06/04/2006,26/04/2021
274,Marice MacKissack,mmackissack7l@statcounter.com,682-91-1035,66 Barby Street,05/09/1961,08/05/2019
275,Ilene Witard,iwitard7m@etsy.com,560-49-1104,456 Ramsey Hill,19/05/1946,28/01/2019
276,Kynthia McMillan,kmcmillan7n@livejournal.com,642-43-8921,40887 Warbler Junction,01/01/2005,30/11/2020
277,Matthus Hing,mhing7o@bluehost.com,830-43-3269,92 Barnett Terrace,29/08/1992,25/03/2021
278,Shanta Alsop,salsop7p@bigcartel.com,690-49-0723,4 Bayside Center,11/08/2014,13/08/2022
279,Gordy Gascoyne,ggascoyne7q@edublogs.org,580-30-2518,8706 Buell Hill,27/02/1979,30/08/2021
280,Stanfield Sweetsur,ssweetsur7r@berkeley.edu,181-59-3672,76 Carey Crossing,30/10/1988,26/08/2019
281,Ashlin Holtham,aholtham7s@fda.gov,608-69-3789,6 Harbort Crossing,13/12/2016,12/02/2019
282,Randolph Isard,risard7t@elegantthemes.com,803-62-6973,52680 Scofield Terrace,13/04/2011,24/08/2019
283,Fonz Avrahamy,favrahamy7u@economist.com,762-06-9932,855 Columbus Alley,29/03/1984,23/07/2020
284,Dorthy Domingues,ddomingues7v@angelfire.com,602-54-1567,688 Browning Street,12/10/1973,24/05/2020
285,Charmane Uccelli,cuccelli7w@digg.com,843-75-4851,63095 Burning Wood Plaza,12/06/1989,31/05/2019
286,Lauryn McIllroy,lmcillroy7x@moonfruit.com,151-16-0861,89 Bunker Hill Plaza,27/01/1971,14/01/2019
287,Wadsworth D'Alesio,wdalesio7y@google.co.uk,709-47-5804,0500 3rd Park,20/02/1997,03/07/2022
288,Lissa Gledstane,lgledstane7z@ucoz.com,785-92-4263,52 Waywood Court,13/05/1956,21/05/2019
289,Shauna Ashelford,sashelford80@google.com.au,490-03-9147,97 Carioca Point,21/09/1944,17/03/2019
290,Lorri Arundel,larundel81@booking.com,733-08-7919,441 Karstens Way,04/09/2010,08/08/2019
291,Alberik Waterfall,awaterfall82@utexas.edu,734-81-1687,70149 Spenser Street,23/10/1971,11/01/2021
292,Avril Ferschke,aferschke83@hubpages.com,276-12-5722,9 Dorton Plaza,06/02/1972,25/08/2019
293,Chick Steinham,csteinham84@go.com,268-57-6131,047 6th Pass,08/10/1952,17/04/2021
294,Cris Pessler,cpessler85@ucoz.com,575-42-1827,5 Lerdahl Center,19/01/1941,26/12/2019
295,Rivi Hargreaves,rhargreaves86@go.com,529-59-8697,46004 Daystar Crossing,22/07/1985,28/01/2019
296,Conrado Eastcourt,ceastcourt87@wikia.com,479-71-8895,9 Badeau Lane,05/09/1980,23/01/2022
297,Darlene Sertin,dsertin88@arstechnica.com,612-52-1148,4402 Forest Run Place,09/06/1985,26/03/2021
298,Petronille Mason,pmason89@list-manage.com,150-21-3002,1941 Carberry Court,02/08/2008,26/09/2019
299,Laureen Shury,lshury8a@dailymail.co.uk,658-12-8146,1068 Kedzie Parkway,16/05/1999,27/10/2021
300,Florette Puve,fpuve8b@furl.net,629-26-1041,20205 Riverside Parkway,28/04/2007,20/02/2021
301,Cesar Inns,cinns8c@reference.com,371-87-8551,3313 Corry Avenue,04/11/1955,19/12/2020
302,Lennie Habben,lhabben8d@posterous.com,263-92-2717,0 Anthes Way,05/08/1955,29/11/2020
303,Welby Ismirnioglou,wismirnioglou8e@fema.gov,518-28-8698,9 Mariners Cove Point,23/12/1953,05/12/2020
304,Maximilianus O'Hanlon,mohanlon8f@howstuffworks.com,851-47-4218,2 Riverside Circle,04/06/1968,28/11/2019
305,Putnem Meynell,pmeynell8g@free.fr,863-26-7759,028 Dayton Parkway,28/08/1961,20/01/2022
306,Vinni Gillet,vgillet8h@toplist.cz,442-87-6658,3799 Florence Trail,12/08/1947,16/04/2019
307,Geno Way,gway8i@about.me,134-83-9882,955 Forest Run Alley,18/12/1989,21/08/2021
308,Kermit Yurenev,kyurenev8j@dailymail.co.uk,719-24-1460,67503 Forest Run Point,07/09/2002,04/09/2021
309,Heida Nutbeam,hnutbeam8k@pinterest.com,577-65-3737,88575 Michigan Plaza,02/01/1973,01/02/2022
310,Rosaleen Tutton,rtutton8l@chronoengine.com,664-33-2336,126 Victoria Court,23/02/2000,14/01/2020
311,Jake Brickdale,jbrickdale8m@technorati.com,398-95-0145,885 Swallow Court,18/06/1996,16/01/2022
312,Biron Puddifer,bpuddifer8n@amazon.co.jp,369-94-7075,2110 Crownhardt Park,17/07/2016,30/09/2022
313,Noak Rubie,nrubie8o@pagesperso-orange.fr,168-02-3750,38785 Alpine Circle,29/05/1955,21/11/2019
314,Nanice Walsh,nwalsh8p@example.com,204-33-8818,413 Maywood Court,07/11/1953,09/04/2022
315,Fitzgerald Dunthorne,fdunthorne8q@istockphoto.com,451-02-6982,11 Park Meadow Avenue,23/04/2008,09/12/2022
316,Goober Bowhey,gbowhey8r@japanpost.jp,317-17-7996,05 Clemons Drive,25/02/1941,23/05/2021
317,Gratia Pyson,gpyson8s@epa.gov,825-82-3702,433 Saint Paul Crossing,10/01/1951,18/10/2019
318,Christyna Careswell,ccareswell8t@spiegel.de,816-05-7275,8 Forest Run Avenue,12/01/2007,09/11/2019
319,Roderigo Cheavin,rcheavin8u@hatena.ne.jp,213-43-1423,7416 Northland Junction,16/10/1947,10/01/2019
320,Dunc Attlee,dattlee8v@umich.edu,790-45-8678,077 Summit Way,10/02/1991,26/11/2022
321,Lawry Stoyles,lstoyles8w@slashdot.org,201-41-1590,152 Drewry Junction,12/06/1955,25/12/2020
322,Layton Doornbos,ldoornbos8x@wordpress.com,175-92-2474,3 Dorton Lane,12/06/1961,02/04/2019
323,Myriam Offin,moffin8y@reddit.com,821-65-1521,5214 Dexter Trail,05/09/2003,26/01/2021
324,Zahara Hirthe,zhirthe8z@newsvine.com,259-03-4721,794 Eagan Center,12/08/1949,19/12/2019
325,Leonelle Barette,lbarette90@google.com.br,122-23-0574,6 3rd Alley,29/01/2000,06/05/2021
326,L;urette Henlon,lhenlon91@hp.com,823-70-0491,57 Jana Hill,14/10/1941,17/07/2022
327,Osbert Astill,oastill92@ucsd.edu,686-74-5253,7 Muir Pass,01/12/1997,24/08/2021
328,Percival Shawyers,pshawyers93@npr.org,615-88-2387,7431 Fulton Avenue,23/06/2002,04/10/2020
329,Izak Tanguy,itanguy94@businessweek.com,607-52-0758,9614 Old Gate Hill,31/07/1958,07/04/2021
330,Kerry Speirs,kspeirs95@wisc.edu,523-04-9143,99 Forster Place,26/01/2001,29/09/2022
331,Isak Yepiskov,iyepiskov96@china.com.cn,100-81-7707,81114 Shelley Circle,02/12/1999,22/01/2020
332,Kristofer Bendall,kbendall97@ehow.com,180-20-4114,94 Birchwood Pass,25/01/1989,20/08/2019
333,Leila Tallquist,ltallquist98@wunderground.com,715-60-1664,600 Columbus Place,13/05/1999,16/10/2022
334,Augustina Phythean,aphythean99@npr.org,438-98-0666,08656 Trailsway Terrace,27/11/1990,12/12/2020
335,Tyson Marvin,tmarvin9a@istockphoto.com,814-57-8030,979 Fairview Junction,14/10/1974,14/04/2022
336,Seward Skurm,sskurm9b@upenn.edu,196-36-9955,682 Towne Terrace,04/02/1980,21/04/2022
337,Rowe Paulig,rpaulig9c@dedecms.com,591-76-8117,73427 Elka Street,31/05/1956,14/04/2019
338,Lissie Paireman,lpaireman9d@apache.org,289-16-8833,613 Waywood Way,04/01/1992,16/03/2020
339,Ailyn Lummus,alummus9e@taobao.com,503-99-4613,6121 Miller Crossing,07/05/1944,23/09/2022
340,Minta Scullion,mscullion9f@illinois.edu,101-22-9095,96 Golf View Plaza,09/10/2010,20/11/2021
341,Ruddy Bremeyer,rbremeyer9g@cisco.com,134-98-2492,3 Roxbury Alley,28/05/1999,16/10/2021
342,Ole Eberlein,oeberlein9h@deviantart.com,392-82-7465,81435 Columbus Hill,11/08/1954,04/12/2019
343,Caspar Worthing,cworthing9i@nih.gov,173-38-8049,92266 Weeping Birch Drive,31/05/1989,27/01/2019
344,Jackson Hanster,jhanster9j@bbb.org,541-56-6963,5 Glacier Hill Pass,10/02/1961,11/10/2021
345,Haroun Worsfold,hworsfold9k@yolasite.com,176-12-4272,53 Alpine Court,01/10/1991,17/05/2020
346,Devon Found,dfound9l@deliciousdays.com,412-41-9876,76 Pleasure Trail,11/08/1984,03/06/2022
347,Mufi Carroll,mcarroll9m@eventbrite.com,668-79-8539,46 Heath Court,23/09/2013,07/08/2021
348,Dallas Bruineman,dbruineman9n@jigsy.com,554-40-6355,929 Cambridge Pass,19/06/2009,30/03/2022
349,Rafaellle Chasteney,rchasteney9o@economist.com,582-47-2161,50160 Merrick Road,11/11/1993,02/12/2022
350,Karen Allibon,kallibon9p@sciencedirect.com,216-39-2275,999 Waubesa Road,11/09/1995,27/05/2019
351,Paulina Thorndale,pthorndale9q@nbcnews.com,310-24-4548,5057 Utah Point,31/10/1966,01/11/2019
352,Duane Clendennen,dclendennen9r@github.com,726-95-2558,03 Pawling Street,07/02/1966,07/10/2020
353,Olivia Daughtery,odaughtery9s@tmall.com,779-53-6267,61 Holmberg Way,22/08/1991,04/01/2020
354,Cybill Vedikhov,cvedikhov9t@amazon.co.jp,842-31-1328,4287 Barnett Park,23/05/1955,22/12/2022
355,Isadora Luberti,iluberti9u@wordpress.com,710-81-7558,52 Lyons Drive,09/03/1980,26/12/2018
356,Mickie Hummerston,mhummerston9v@blogtalkradio.com,156-88-6319,264 Warbler Avenue,15/02/1949,02/06/2021
357,Arabel Slatford,aslatford9w@cnet.com,623-91-5484,1 Russell Alley,17/05/1977,04/07/2019
358,Cherilyn Berringer,cberringer9x@fda.gov,354-76-8557,73785 Macpherson Circle,03/09/1954,09/10/2019
359,Dyanna Yearron,dyearron9y@xing.com,186-77-3981,9030 Vernon Place,19/05/2002,05/10/2022
360,Adah Costa,acosta9z@flickr.com,727-78-0076,88917 Transport Road,08/07/1974,25/10/2021
361,Juliet Targetter,jtargettera0@desdev.cn,536-19-3029,28 Loftsgordon Circle,01/09/1975,03/05/2020
362,Wayne Petrollo,wpetrolloa1@parallels.com,598-75-8031,4 Chive Drive,16/09/1979,29/09/2019
363,Leelah Riddell,lriddella2@wikia.com,844-33-0731,3135 Lukken Street,10/02/1992,27/09/2019
364,Rockey Aspinal,raspinala3@timesonline.co.uk,313-74-6393,5943 Debs Lane,09/11/1998,28/08/2021
365,Kalle Airth,kairtha4@github.io,687-17-7929,252 La Follette Drive,14/12/2002,19/07/2021
366,Felisha Fifoot,ffifoota5@europa.eu,801-45-7879,02 Graceland Terrace,18/05/1943,21/09/2020
367,Tammie Stranieri,tstranieria6@state.gov,391-46-4804,755 Brown Street,10/12/1950,08/09/2019
368,Nickie Plaskitt,nplaskitta7@wufoo.com,224-73-1511,05 Buena Vista Place,25/04/1976,25/11/2021
369,Milicent Dubble,mdubblea8@acquirethisname.com,428-70-8817,06948 Eliot Parkway,06/04/1962,30/11/2020
370,Claudetta Bullers,cbullersa9@jimdo.com,504-55-7082,66712 Superior Point,13/05/1952,14/09/2021
371,Saw Janodet,sjanodetaa@facebook.com,162-14-7484,73 Weeping Birch Hill,03/08/1955,24/03/2021
372,Marcela Maryon,mmaryonab@sogou.com,767-93-8038,8 Armistice Trail,17/06/1965,01/05/2020
373,Cora Swinley,cswinleyac@digg.com,381-56-2967,156 Dottie Lane,12/06/1990,12/01/2019
374,Fina Antonoyev,fantonoyevad@dropbox.com,415-46-3225,18060 Mcguire Circle,21/11/1967,19/04/2022
375,Pasquale Hayward,phaywardae@digg.com,389-66-5426,0701 Sutteridge Circle,08/09/1971,02/11/2020
376,Anne-marie Ferronet,aferronetaf@rambler.ru,228-38-6927,24596 Kedzie Junction,10/12/1946,02/03/2019
377,Gilberta Adel,gadelag@usda.gov,896-34-9132,66612 Derek Trail,18/04/1972,26/11/2022
378,Gussi Feechan,gfeechanah@baidu.com,727-14-5046,04253 Swallow Circle,03/02/1958,29/11/2020
379,Rosana Horburgh,rhorburghai@cafepress.com,443-43-5395,62419 Barnett Junction,02/09/1961,29/11/2020
380,Fannie Paunsford,fpaunsfordaj@issuu.com,788-44-4630,81 Farwell Lane,29/08/2009,29/11/2022
381,Lucienne Dartnall,ldartnallak@msu.edu,711-36-7780,6 Leroy Drive,08/05/1992,10/11/2019
382,Darcy Corrin,dcorrinal@freewebs.com,380-74-6251,9 Eliot Park,11/08/1995,24/12/2022
383,Izak Scotland,iscotlandam@reddit.com,550-01-8807,20021 Sunfield Park,20/12/1988,11/08/2022
384,Dannie Phayre,dphayrean@ehow.com,219-97-2298,600 Kensington Way,29/07/2007,11/04/2022
385,Roxanna Eake,reakeao@lycos.com,265-61-5194,64 Red Cloud Court,12/02/2016,22/01/2021
386,Wylie Janecki,wjaneckiap@loc.gov,524-70-5828,2019 Darwin Way,10/02/1981,25/09/2022
387,Joell Mewett,jmewettaq@tinyurl.com,492-54-4454,123 Maple Wood Pass,20/04/1970,05/05/2021
388,Cinnamon Meriet,cmerietar@ifeng.com,520-12-0115,896 Everett Way,13/06/1973,15/02/2020
389,Roz Radbone,rradboneas@forbes.com,130-11-1451,0864 Bluestem Point,16/11/1945,05/10/2020
390,Adolphus MacNish,amacnishat@zimbio.com,108-65-2057,963 Sherman Road,15/06/1957,05/03/2019
391,Tressa Splaven,tsplavenau@arstechnica.com,122-67-9319,217 Hermina Circle,28/04/2001,04/04/2021
392,Garek Worboy,gworboyav@list-manage.com,628-30-0608,2020 High Crossing Place,18/09/1993,11/12/2022
393,Kaila Postlethwaite,kpostlethwaiteaw@telegraph.co.uk,216-77-8776,29 Buhler Place,06/03/1949,03/08/2020
394,Klarika Boutell,kboutellax@biblegateway.com,851-88-8118,6 David Park,10/04/1966,17/05/2022
395,Artus Douse,adouseay@cbslocal.com,335-74-2470,39927 Harbort Avenue,27/10/1990,03/06/2022
396,Blancha Goodere,bgoodereaz@jugem.jp,260-69-3754,217 Barnett Plaza,04/09/2008,11/01/2021
397,Archambault Gundry,agundryb0@cnn.com,107-56-6523,6 Prairieview Circle,29/05/2001,06/07/2020
398,Jeana Raggles,jragglesb1@yale.edu,343-48-7031,29 Manley Alley,12/03/1959,21/12/2022
399,Kynthia O'Sharkey,kosharkeyb2@woothemes.com,836-84-4809,0340 Garrison Plaza,26/09/1979,03/04/2021
400,Dulcine Gladebeck,dgladebeckb3@indiegogo.com,311-26-7577,4953 Montana Center,03/05/1988,23/07/2021
401,Ofella Sommerscales,osommerscalesb4@bloglines.com,397-06-9473,06 Thierer Court,28/04/1971,18/12/2022
402,Darell Dunguy,ddunguyb5@unesco.org,860-49-6739,2 Ryan Way,18/04/2001,03/05/2020
403,Gunner Fairest,gfairestb6@gizmodo.com,707-96-3099,36 Mccormick Parkway,14/04/1964,08/04/2022
404,Mahmud Persehouse,mpersehouseb7@princeton.edu,120-54-5190,2 Jana Point,01/03/2002,26/11/2021
405,Maybelle Lloyd-Williams,mlloydwilliamsb8@prlog.org,879-13-6804,07557 Westend Center,07/09/1981,24/11/2020
406,Gussy De Andisie,gdeb9@umich.edu,510-10-0275,83582 Lien Avenue,14/01/1966,01/04/2022
407,Bellanca Humphery,bhumpheryba@github.io,330-75-1159,6 Tony Pass,09/09/2001,25/01/2020
408,Laure Stock,lstockbb@flavors.me,173-48-2841,78768 Clove Lane,16/07/1975,08/04/2020
409,Shandeigh Marwood,smarwoodbc@ox.ac.uk,695-49-6577,7661 Katie Place,27/05/1998,24/02/2021
410,Anallese Vincent,avincentbd@cbc.ca,734-13-8104,7330 Dryden Hill,01/06/1992,10/07/2021
411,Briana Kennet,bkennetbe@uiuc.edu,432-70-0704,55 New Castle Terrace,29/03/2011,20/10/2021
412,Dallas Milward,dmilwardbf@blogs.com,474-44-2045,5673 Ludington Crossing,22/05/2002,01/05/2021
413,Adelbert Gage,agagebg@slashdot.org,488-29-1259,10392 Forest Pass,28/07/1995,28/10/2021
414,Chrotoem Stennine,cstenninebh@bloglines.com,335-66-8594,06922 Hoffman Center,25/01/1956,03/08/2020
415,Gram Fullbrook,gfullbrookbi@google.de,804-09-2532,5 Brentwood Way,28/06/1967,23/01/2020
416,Sella Nettleship,snettleshipbj@istockphoto.com,698-20-4408,8987 Fordem Plaza,22/05/2003,11/12/2021
417,Dacia Collinson,dcollinsonbk@google.es,899-11-5560,469 Sage Avenue,13/01/1941,08/07/2019
418,Marlee Biagi,mbiagibl@purevolume.com,213-69-2060,961 Caliangt Place,31/12/1988,24/11/2020
419,Frannie Pettyfer,fpettyferbm@unesco.org,632-60-5825,0 Hermina Terrace,15/04/1995,11/11/2021
420,Salli Trobridge,strobridgebn@jugem.jp,738-25-9969,82 Hagan Court,23/01/2004,27/04/2021
421,Bertrando Partridge,bpartridgebo@instagram.com,852-18-9736,76793 Moland Pass,19/04/1963,29/11/2019
422,Jenifer Yoselevitch,jyoselevitchbp@cpanel.net,680-04-6561,80 Barby Park,18/02/1989,13/04/2019
423,Laurens Heinreich,lheinreichbq@go.com,357-48-6637,50669 Charing Cross Center,21/02/1968,30/12/2021
424,Elsie Rummins,erumminsbr@wikispaces.com,720-16-7939,6019 Walton Road,11/05/1957,20/10/2020
425,Jakob Blowick,jblowickbs@oakley.com,262-07-8664,1835 Riverside Alley,18/09/1961,19/11/2021
426,Ingar Fernan,ifernanbt@nyu.edu,765-77-3922,216 Steensland Park,14/08/2009,26/05/2020
427,Umeko Iley,uileybu@dot.gov,814-43-4428,95 Oxford Way,24/07/1957,23/02/2021
428,Erin Devereux,edevereuxbv@cloudflare.com,150-33-7371,05637 Scoville Center,13/03/1968,16/07/2021
429,Tobe Duhig,tduhigbw@geocities.jp,760-24-1937,8 Blackbird Pass,19/01/1944,24/05/2021
430,Jarid Fulton,jfultonbx@cocolog-nifty.com,795-37-4326,754 Ruskin Center,15/03/1967,19/06/2021
431,Reidar Gogan,rgoganby@opensource.org,154-50-7938,772 Fair Oaks Alley,24/06/1956,07/04/2022
432,Marielle Coda,mcodabz@census.gov,183-33-4895,721 Cody Lane,03/01/1993,01/08/2021
433,Dalis Swiffen,dswiffenc0@com.com,565-68-0390,766 Hooker Plaza,27/05/1968,09/03/2020
434,Shanna Trumble,strumblec1@microsoft.com,129-46-8053,39 Mandrake Point,06/01/2016,15/06/2019
435,Winslow Worrall,wworrallc2@unicef.org,736-75-3826,6 Nobel Hill,28/11/1992,13/11/2020
436,Sidnee Shenfish,sshenfishc3@bizjournals.com,836-43-5613,104 Northview Parkway,15/12/1982,29/10/2020
437,Ros M'Barron,rmbarronc4@cyberchimps.com,390-12-4215,6 Cascade Trail,20/04/2008,03/01/2019
438,Muire Greenside,mgreensidec5@bloomberg.com,500-03-3792,29598 International Crossing,06/09/1941,05/07/2019
439,Gayelord Jemison,gjemisonc6@illinois.edu,810-50-9132,57 Larry Way,23/06/1955,13/10/2019
440,Mersey Goldspink,mgoldspinkc7@gov.uk,283-86-0816,24754 Mcbride Crossing,14/06/2000,18/06/2019
441,Elisabeth Horning,ehorningc8@wisc.edu,197-84-4377,0 American Parkway,13/12/1951,07/10/2019
442,Lilia Morcombe,lmorcombec9@hubpages.com,306-26-8024,0861 Meadow Ridge Place,31/05/2002,17/05/2019
443,Katrina McNeill,kmcneillca@upenn.edu,346-89-4631,2 Holmberg Park,18/05/1986,19/10/2022
444,Kassie Pomfrett,kpomfrettcb@sourceforge.net,347-59-9894,5506 Buhler Lane,02/05/2006,22/08/2022
445,Ruprecht Maher,rmahercc@diigo.com,566-76-6544,0477 Starling Alley,30/07/1979,06/12/2022
446,Kellie Huett,khuettcd@google.it,590-53-6706,78 Oxford Parkway,20/12/2015,05/03/2020
447,Krishna Lewsey,klewseyce@nhs.uk,288-05-9340,45840 Delaware Court,18/12/1964,22/02/2019
448,Emily Madgwick,emadgwickcf@t.co,356-61-8875,53 Sullivan Point,04/12/1997,27/07/2019
449,Aeriela Bispo,abispocg@foxnews.com,285-08-4222,69940 Pleasure Crossing,17/02/1996,13/02/2019
450,Kai Tatters,ktattersch@who.int,440-59-9843,7065 Stephen Drive,29/01/1977,15/01/2019
451,Ashley Gersam,agersamci@paypal.com,459-14-2641,653 Elgar Junction,25/01/1992,05/02/2020
452,Kym Stigell,kstigellcj@google.com.hk,821-41-8978,32825 Manley Pass,04/11/1952,03/04/2020
453,Rees Durran,rdurranck@livejournal.com,672-79-2793,536 Stone Corner Center,12/04/1974,18/07/2021
454,Hercules Attkins,hattkinscl@yellowpages.com,350-76-2476,52714 Ramsey Alley,22/07/1981,15/09/2021
455,Idell Danilyak,idanilyakcm@wiley.com,228-27-3891,971 Gale Point,01/09/1995,02/02/2022
456,Bent Stadding,bstaddingcn@bbc.co.uk,483-87-4488,480 Little Fleur Drive,23/11/1998,10/06/2021
457,Cheston Gelletly,cgelletlyco@bloglovin.com,710-36-3035,5 Forest Run Circle,09/04/2006,01/04/2020
458,Ethelin Isley,eisleycp@hao123.com,821-76-7036,6 Oneill Road,03/06/1999,14/12/2019
459,Clement Jeckell,cjeckellcq@europa.eu,275-82-1054,090 Mayfield Park,31/12/1949,07/08/2019
460,Kriste Stonehouse,kstonehousecr@over-blog.com,787-40-3318,6 Hallows Terrace,19/12/1940,21/03/2019
461,Avril Jeffray,ajeffraycs@mediafire.com,241-66-6635,92 Corscot Road,02/04/1984,05/04/2021
462,Magda Ryder,mryderct@goodreads.com,792-83-5074,4 Messerschmidt Lane,19/02/1984,24/01/2022
463,Lottie Ashenhurst,lashenhurstcu@acquirethisname.com,759-25-1313,641 Lotheville Road,31/10/1988,09/02/2020
464,Joanna Roelofsen,jroelofsencv@imdb.com,619-06-0641,4 International Junction,05/12/1986,22/01/2020
465,Delila Arbuckle,darbucklecw@japanpost.jp,173-77-5977,244 Myrtle Court,03/08/1955,16/03/2021
466,Jodee Sawl,jsawlcx@mail.ru,698-33-2531,14 Logan Hill,28/12/1960,11/03/2019
467,Lurlene McGougan,lmcgougancy@mozilla.org,164-14-9157,76 Nancy Trail,05/09/1969,26/09/2019
468,Kalila Pickavant,kpickavantcz@hostgator.com,511-81-8724,4387 Texas Junction,30/07/1979,12/03/2020
469,Amaleta Ebbetts,aebbettsd0@epa.gov,541-89-8463,83 4th Alley,27/07/1983,05/07/2022
470,Meredith Garvill,mgarvilld1@opera.com,865-03-6417,1 Melby Circle,07/09/1968,15/05/2021
471,Sherman Hilliam,shilliamd2@dagondesign.com,687-92-6561,719 Sutherland Place,29/09/1951,13/06/2020
472,Inga Hutcheon,ihutcheond3@google.es,402-14-1030,64817 Bartillon Court,15/08/1962,21/08/2019
473,Mitchael Fulcher,mfulcherd4@woothemes.com,875-27-8621,1449 American Ash Hill,17/07/1951,26/12/2019
474,Caryn Marchment,cmarchmentd5@google.com,477-05-7649,5 2nd Road,08/03/1980,21/04/2022
475,Evy Brotherhead,ebrotherheadd6@ehow.com,810-30-4372,704 Waxwing Pass,14/05/1992,20/10/2021
476,Simon Faust,sfaustd7@cornell.edu,784-29-0907,55 Lillian Hill,09/10/1956,06/10/2021
477,Aymer Parlot,aparlotd8@nih.gov,269-67-8491,039 Village Point,21/03/1942,10/05/2021
478,Kyla Longwood,klongwoodd9@domainmarket.com,864-07-4284,5 Marquette Crossing,15/05/1948,22/06/2021
479,Corrinne Bannister,cbannisterda@themeforest.net,708-77-1785,60750 Blaine Pass,06/05/1949,19/01/2020
480,Mabelle Yushkov,myushkovdb@spotify.com,804-42-7019,48495 Lighthouse Bay Junction,08/01/1957,20/01/2021
481,Frannie de Chastelain,fdedc@cdbaby.com,300-70-4429,5251 Glacier Hill Pass,07/03/1966,15/11/2022
482,Kennie Rowswell,krowswelldd@house.gov,650-08-1941,59 Manufacturers Avenue,06/11/1967,20/09/2021
483,Claudius Culp,cculpde@instagram.com,728-08-3199,6 Crownhardt Parkway,04/07/1956,31/08/2020
484,Ilysa Llewelyn,illewelyndf@parallels.com,865-08-6877,876 Miller Junction,14/08/1944,23/10/2020
485,Corry Tansill,ctansilldg@purevolume.com,351-87-7283,4 Kinsman Crossing,18/07/2009,16/07/2022
486,Mel Blackater,mblackaterdh@is.gd,611-51-2752,27 Carpenter Road,30/05/1993,08/06/2020
487,Edeline Muzzillo,emuzzillodi@examiner.com,541-65-4788,338 Coolidge Park,02/12/1999,27/07/2020
488,Cherin Schreiner,cschreinerdj@mysql.com,622-71-8521,1751 Golf View Hill,14/04/1960,31/12/2018
489,Monica Mart,mmartdk@blogs.com,632-61-2345,8 Kingsford Hill,20/04/1964,04/07/2019
490,Bellanca Kippin,bkippindl@accuweather.com,262-87-2193,0 Leroy Alley,14/11/1944,29/11/2021
491,Bertrando Mingay,bmingaydm@yale.edu,517-96-9884,565 Sundown Lane,25/03/1968,01/01/2019
492,Halimeda Isaksen,hisaksendn@hatena.ne.jp,854-98-1308,44 Raven Place,30/08/1975,13/03/2022
493,Bradan Beetham,bbeethamdo@a8.net,508-41-0976,26324 New Castle Hill,11/07/2001,01/04/2019
494,Valma Keme,vkemedp@skype.com,190-89-7614,9480 Village Way,06/10/1991,02/03/2020
495,Elisa Lambotin,elambotindq@apache.org,844-27-9697,42 Springs Way,15/01/1991,03/09/2022
496,Gates Goschalk,ggoschalkdr@twitpic.com,371-54-7848,3932 Ohio Hill,23/12/1962,07/09/2022
497,Thorndike Stuckley,tstuckleyds@oaic.gov.au,213-64-9188,7 Lindbergh Alley,21/03/1965,09/08/2020
498,Rice Lovegrove,rlovegrovedt@wired.com,316-19-5702,048 Karstens Terrace,11/04/1941,10/09/2020
499,Berget Gary,bgarydu@stumbleupon.com,387-66-3166,6132 Anthes Circle,23/04/1991,29/11/2019
500,Jonis Youles,jyoulesdv@cloudflare.com,162-55-6743,65 Fuller Alley,08/12/1980,18/12/2022
501,Jacquelin Semorad,jsemoraddw@reddit.com,872-67-0044,2262 Barnett Center,22/09/1967,11/12/2020
502,Stephenie Canero,scanerodx@soundcloud.com,560-12-3633,2679 Sycamore Street,23/12/1995,22/11/2019
503,Aksel Dougharty,adoughartydy@tiny.cc,650-90-9017,228 North Alley,24/07/2005,29/04/2019
504,Nesta Morphew,nmorphewdz@zdnet.com,100-62-4205,0830 Huxley Lane,03/04/1975,15/04/2022
505,Reginauld Gilbane,rgilbanee0@linkedin.com,344-30-4607,805 Lerdahl Pass,13/12/1981,22/07/2020
506,Lon Arbor,larbore1@a8.net,806-14-7711,6777 Hayes Hill,05/10/1952,20/02/2019
507,Mureil Moorfield,mmoorfielde2@mit.edu,460-33-2654,5 Village Hill,23/11/2007,18/06/2021
508,Ellene Sawtell,esawtelle3@delicious.com,571-35-0990,41 Center Pass,04/12/1956,26/08/2020
509,Antonin Kastel,akastele4@reuters.com,575-56-3754,46 Summit Junction,25/07/1998,13/06/2020
510,Cody Yukhov,cyukhove5@yahoo.co.jp,239-57-3000,515 Hauk Drive,29/10/1994,23/03/2020
511,Ricki Dumberell,rdumberelle6@newsvine.com,729-35-9792,1 Charing Cross Alley,05/05/1964,09/03/2022
512,Colline Dumingos,cdumingose7@bigcartel.com,369-65-7269,330 Merchant Hill,09/08/1976,19/03/2020
513,Meir Cisson,mcissone8@shop-pro.jp,188-03-3334,5 Dunning Junction,20/02/1972,21/12/2020
514,Alfi McArt,amcarte9@accuweather.com,438-54-1331,80996 Center Road,30/03/1970,19/04/2022
515,Tedd Caldairou,tcaldairouea@hc360.com,400-39-9197,16188 Dennis Street,13/05/1960,08/11/2021
516,Seymour Mansbridge,smansbridgeeb@diigo.com,681-61-6771,2 Hauk Lane,23/06/1970,20/07/2019
517,Abraham Golde,agoldeec@oaic.gov.au,265-83-1028,6 Raven Circle,20/07/2016,27/08/2019
518,Domenico Succamore,dsuccamoreed@xinhuanet.com,513-70-0286,0522 Pankratz Place,17/12/1959,14/09/2022
519,Cordell Golbourn,cgolbournee@hud.gov,282-65-1583,74 Lake View Terrace,08/01/1965,23/10/2022
520,Crystie Chander,cchanderef@facebook.com,426-08-1677,9 Hanson Alley,27/12/2006,16/10/2022
521,Victoria Colliford,vcollifordeg@livejournal.com,573-54-6087,397 South Center,09/11/1941,09/01/2019
522,Del Bonsey,dbonseyeh@example.com,360-16-0410,46 Tomscot Avenue,20/11/1997,23/07/2019
523,Simonette Ludwikiewicz,sludwikiewiczei@addtoany.com,444-13-7290,5 Charing Cross Pass,16/02/1968,26/12/2019
524,Lynne Menaul,lmenaulej@usatoday.com,244-86-0518,174 Parkside Hill,05/07/1951,28/12/2022
525,Hadrian Zanneli,hzanneliek@csmonitor.com,617-23-4412,9567 Harper Park,14/10/1990,23/02/2020
526,Cassondra Bamber,cbamberel@go.com,144-27-0813,094 Shopko Pass,09/07/1971,08/11/2022
527,Franciskus Minocchi,fminocchiem@bluehost.com,716-85-5865,4477 Dovetail Junction,09/06/2006,22/05/2021
528,Alexandrina Peaddie,apeaddieen@typepad.com,637-74-3863,622 Hauk Avenue,27/03/1949,28/04/2021
529,Cross Hurdidge,churdidgeeo@parallels.com,379-89-5724,11 Jay Parkway,27/12/1986,19/11/2022
530,Dud Hingeley,dhingeleyep@princeton.edu,862-97-5911,52864 Troy Crossing,16/06/1969,28/06/2021
531,Tammi Foston,tfostoneq@dmoz.org,355-17-2893,9 Toban Circle,26/08/1973,26/10/2019
532,Angelico Korpal,akorpaler@furl.net,135-82-1295,700 Mallory Terrace,19/09/1965,01/01/2020
533,Annabal Dunridge,adunridgees@buzzfeed.com,274-70-6104,02844 Jackson Plaza,08/09/2014,23/04/2021
534,Normie Ripon,nriponet@usatoday.com,673-13-8958,30155 Orin Pass,10/10/1957,08/09/2021
535,Augusto Euplate,aeuplateeu@pen.io,753-70-9002,7213 Florence Crossing,25/10/2010,13/09/2020
536,Clarke Domotor,cdomotorev@exblog.jp,156-46-9393,945 Troy Crossing,13/10/1993,02/09/2019
537,Findlay Chapell,fchapellew@drupal.org,512-91-2417,15 Jay Center,11/06/2006,26/12/2020
538,Whitaker Fealey,wfealeyex@wikia.com,704-61-7689,468 Porter Street,28/04/1991,03/08/2019
539,Cly Roelvink,croelvinkey@un.org,752-78-3857,88166 Service Crossing,25/05/2012,31/03/2020
540,Lola Baudinelli,lbaudinelliez@hc360.com,145-52-3970,2627 Del Mar Court,24/11/1960,02/04/2021
541,Dougie Woollaston,dwoollastonf0@tinypic.com,152-84-2427,768 Glacier Hill Hill,09/11/1949,26/08/2019
542,Coral Bulbrook,cbulbrookf1@google.ca,867-06-2520,808 Troy Lane,29/01/1960,09/01/2019
543,Kerwinn Gay,kgayf2@flavors.me,808-49-8708,1 Hudson Place,11/07/1945,22/10/2019
544,Marlo Arnely,marnelyf3@nifty.com,366-16-5991,72 Anthes Circle,16/10/1946,06/12/2022
545,Sosanna Constance,sconstancef4@google.ca,548-96-5363,5 Merrick Place,30/12/1976,08/01/2022
546,Lotte Titterrell,ltitterrellf5@ocn.ne.jp,660-29-6192,1 Grasskamp Pass,14/12/1964,26/10/2020
547,Perceval Maplesden,pmaplesdenf6@blogspot.com,281-53-0608,90200 Prentice Trail,29/10/1962,24/08/2022
548,Tabbitha Farnin,tfarninf7@omniture.com,550-67-5961,9899 Gerald Street,05/05/1953,11/07/2020
549,Inna Fulks,ifulksf8@ning.com,376-90-6352,34837 Surrey Way,07/02/1994,07/05/2020
550,Esme Kinmond,ekinmondf9@loc.gov,582-02-6724,79 Elmside Alley,06/02/1941,19/08/2019
551,Hedvig Wheway,hwhewayfa@ucoz.com,439-71-5985,22 5th Trail,13/05/1951,16/01/2022
552,Lou Bunkle,lbunklefb@barnesandnoble.com,384-29-9425,1370 Mallory Court,18/03/2010,04/11/2022
553,Brander Greenall,bgreenallfc@i2i.jp,372-61-8977,4 Hagan Lane,07/06/1947,16/01/2021
554,Rory Fuente,rfuentefd@acquirethisname.com,668-29-9619,0493 Kropf Alley,21/08/1952,15/09/2021
555,Jess Bramhall,jbramhallfe@vinaora.com,765-19-1910,1600 Knutson Avenue,28/01/1990,03/10/2022
556,Hayley Kleiser,hkleiserff@yahoo.com,836-32-3718,91392 Cordelia Drive,25/01/1976,20/04/2022
557,Halie Weddeburn,hweddeburnfg@epa.gov,369-24-3625,98 Packers Court,03/06/1993,19/02/2019
558,Frances Vlasenkov,fvlasenkovfh@zimbio.com,807-01-4424,7 Mayer Street,08/11/1968,29/11/2020
559,Anthia Glanester,aglanesterfi@elegantthemes.com,126-31-9551,8 Milwaukee Avenue,18/11/1982,29/08/2019
560,Joane Lampke,jlampkefj@harvard.edu,238-71-1659,67 Hollow Ridge Park,09/11/1975,18/04/2020
561,Elysee Lutton,eluttonfk@blinklist.com,412-10-3966,3817 Mandrake Way,30/01/1985,12/02/2021
562,Ivar Perulli,iperullifl@state.gov,613-68-6260,4 Roth Court,06/08/1949,09/09/2020
563,Star Fontell,sfontellfm@so-net.ne.jp,790-33-9761,90887 Green Ridge Pass,06/07/2007,23/07/2019
564,Traver Yurocjhin,tyurocjhinfn@netlog.com,686-44-8004,20445 Golf Court,07/11/1969,17/07/2022
565,Delmor Gravenor,dgravenorfo@wikimedia.org,866-52-2607,98 La Follette Drive,04/07/1956,24/10/2021
566,Joleen Umbert,jumbertfp@cbslocal.com,545-60-6055,8664 Rieder Way,30/10/2011,28/08/2021
567,Norrie Flounders,nfloundersfq@weebly.com,499-63-6214,752 Harper Park,10/12/1962,06/06/2022
568,Grantham Whaley,gwhaleyfr@xing.com,767-81-7442,27886 Loftsgordon Terrace,29/02/2008,06/09/2020
569,Adria Buie,abuiefs@printfriendly.com,159-85-4299,404 Pepper Wood Place,21/03/1983,11/09/2022
570,Benjamin Danter,bdanterft@google.com.br,689-76-8170,93 Towne Trail,18/01/1941,05/11/2022
571,Jaymie Hum,jhumfu@deviantart.com,543-21-0439,446 Stephen Park,03/11/1970,12/03/2020
572,Tabor Simmon,tsimmonfv@chron.com,740-75-1556,2 Tomscot Road,08/04/1964,01/02/2019
573,Fiona Nangle,fnanglefw@disqus.com,233-63-3644,62 Monica Avenue,18/11/2016,14/05/2022
574,Novelia Everil,neverilfx@europa.eu,132-73-8917,5536 Thierer Junction,14/04/1950,13/04/2021
575,Titos Writtle,twrittlefy@sciencedaily.com,827-13-4960,22 Dakota Trail,29/05/1991,22/02/2021
576,Eirena Giacaponi,egiacaponifz@intel.com,695-27-0460,15 Declaration Road,07/05/1992,17/08/2021
577,Reade Cocking,rcockingg0@eepurl.com,201-29-6192,3 Springview Circle,15/05/1971,27/01/2021
578,Judd Mirralls,jmirrallsg1@ask.com,515-53-0154,6054 Roxbury Way,11/04/2002,25/03/2020
579,Jaquith Hamor,jhamorg2@time.com,330-37-1240,578 Shopko Crossing,26/12/2008,24/06/2020
580,Murray Worham,mworhamg3@usda.gov,433-39-0717,1 Commercial Alley,31/03/1976,26/11/2020
581,Ermengarde Broadis,ebroadisg4@howstuffworks.com,229-04-5922,598 Lerdahl Street,25/12/1947,22/10/2021
582,Donnie Grimsdale,dgrimsdaleg5@gmpg.org,410-05-9393,75964 Fremont Point,11/09/1972,20/10/2020
583,Kania Reynard,kreynardg6@deliciousdays.com,796-59-5300,26 Orin Terrace,13/11/1950,19/02/2021
584,Sofie Meckiff,smeckiffg7@bandcamp.com,579-88-1935,85017 Florence Alley,08/08/2010,25/02/2022
585,Lockwood Lavall,llavallg8@merriam-webster.com,234-70-9234,3500 Columbus Avenue,21/01/1979,21/04/2020
586,Vanessa Tumilty,vtumiltyg9@toplist.cz,732-19-4777,85 Ilene Center,04/04/1944,05/01/2021
587,Lyn Deakan,ldeakanga@prnewswire.com,239-68-4590,83 Acker Plaza,01/02/2002,26/06/2021
588,Artus Donnelly,adonnellygb@ed.gov,556-09-1220,39734 Sachtjen Parkway,03/12/1990,25/05/2019
589,Janie Vevers,jveversgc@omniture.com,315-51-7055,232 Rowland Park,31/01/1955,08/11/2019
590,Panchito Jeffryes,pjeffryesgd@ebay.com,253-96-3543,01501 Upham Trail,30/11/1994,16/05/2020
591,Olva Firle,ofirlege@army.mil,552-35-2415,89 Pine View Plaza,17/08/2010,01/08/2020
592,Lanny Trengrouse,ltrengrousegf@icio.us,440-65-2389,602 Ilene Avenue,13/04/2011,08/03/2020
593,Hadleigh Chaffe,hchaffegg@webeden.co.uk,754-20-4172,1224 Union Place,05/12/2009,01/02/2020
594,Tommy Masding,tmasdinggh@vkontakte.ru,764-97-6631,50613 Marquette Trail,23/03/1957,23/12/2018
595,Estelle ducarme,educarmegi@usatoday.com,494-35-6802,3 Acker Park,10/09/1964,29/09/2019
596,Willy Swindells,wswindellsgj@google.ru,554-84-8519,3 Norway Maple Alley,11/07/1972,04/10/2020
597,Dalli Hegg,dhegggk@bloglovin.com,541-03-4515,10 Hintze Pass,20/10/2009,09/08/2022
598,Aubrey Probbin,aprobbingl@instagram.com,315-77-7478,0 Mifflin Parkway,13/02/1944,17/12/2018
599,Jeff Duguid,jduguidgm@pinterest.com,226-43-0768,65468 High Crossing Place,11/03/1966,15/09/2020
600,Aimil Sember,asembergn@squidoo.com,806-71-6232,5 Cherokee Court,18/05/1979,28/01/2021
601,Vale Murrthum,vmurrthumgo@columbia.edu,652-55-4092,734 Clemons Parkway,02/07/1952,12/03/2020
602,Roscoe Hakewell,rhakewellgp@admin.ch,868-24-2713,5 Eastwood Hill,28/01/1989,13/10/2020
603,Dorotea Warters,dwartersgq@reddit.com,261-35-1839,9 Stephen Circle,23/12/1976,18/11/2019
604,Sela Binny,sbinnygr@scribd.com,262-60-5206,0199 Mccormick Center,03/05/1969,05/10/2020
605,Faulkner Boots,fbootsgs@goodreads.com,796-10-8059,5 Swallow Road,24/05/1953,05/09/2019
606,Hodge Libreros,hlibrerosgt@dion.ne.jp,115-47-1775,49 Grayhawk Crossing,23/04/1991,13/06/2021
607,Philippine Bond,pbondgu@cargocollective.com,589-37-0739,91113 Oak Way,11/06/1974,06/01/2022
608,Vinni Rimer,vrimergv@last.fm,881-09-7222,1 Crowley Way,21/11/1944,27/10/2021
609,Agosto Colaco,acolacogw@gmpg.org,278-15-9192,9287 Springs Way,07/07/1995,01/11/2020
610,Elfrieda Doerren,edoerrengx@infoseek.co.jp,608-58-7878,325 Lakewood Gardens Pass,04/02/1947,02/07/2021
611,Alonso Fishburn,afishburngy@jalbum.net,594-06-7592,313 Straubel Terrace,21/01/1984,18/02/2019
612,Selena Hallgath,shallgathgz@shareasale.com,843-84-2626,4650 Union Lane,11/07/1995,05/09/2019
613,Josie Carruth,jcarruthh0@oaic.gov.au,893-82-8853,7234 Pleasure Hill,18/04/1963,13/07/2022
614,Yorgo Pietz,ypietzh1@harvard.edu,456-01-2636,56 Debs Court,23/10/1959,12/03/2019
615,Jerad Gerrans,jgerransh2@java.com,356-85-1157,14 Cody Drive,23/09/1941,27/06/2020
616,Law O'Mailey,lomaileyh3@exblog.jp,244-70-7957,42 Talmadge Pass,16/10/2014,19/10/2022
617,Antone Chetwynd,achetwyndh4@wufoo.com,434-78-7362,753 Hanover Way,09/08/1969,31/07/2022
618,Humphrey Bronot,hbronoth5@adobe.com,395-99-7793,04 Manufacturers Parkway,04/08/2011,12/09/2021
619,Julia Gullefant,jgullefanth6@friendfeed.com,487-59-6992,7 Buell Avenue,04/09/1996,17/12/2018
620,Layney Towell,ltowellh7@baidu.com,368-26-1806,8664 Harbort Lane,02/12/1996,24/08/2022
621,Doreen Benedek,dbenedekh8@blogtalkradio.com,774-28-8101,290 Clarendon Court,10/10/2012,30/06/2019
622,Mair Gaitung,mgaitungh9@naver.com,554-91-2124,89 Towne Hill,12/01/1982,02/07/2022
623,Catriona Test,ctestha@jimdo.com,318-23-8454,7 Swallow Alley,18/01/1979,07/12/2018
624,Gusty Oades,goadeshb@naver.com,139-53-0206,2 Grayhawk Drive,05/03/1951,25/02/2019
625,Alissa Livzey,alivzeyhc@com.com,294-74-3476,70 Larry Avenue,02/11/1995,28/02/2021
626,Franny Arkil,farkilhd@de.vu,287-11-4025,501 Express Trail,19/04/2013,10/02/2022
627,Norry Dauby,ndaubyhe@wired.com,220-20-3318,8512 Express Trail,03/06/1993,08/02/2022
628,Danita Maultby,dmaultbyhf@webmd.com,351-51-3664,10080 Old Shore Hill,20/09/1973,22/01/2019
629,Juline Jeckell,jjeckellhg@wsj.com,530-36-2657,16211 Briar Crest Place,26/03/1981,03/02/2022
630,Hillery Chrispin,hchrispinhh@yahoo.co.jp,122-01-2523,5382 Elmside Avenue,22/11/2006,04/06/2022
631,Caryn Sims,csimshi@patch.com,867-72-2348,95 Washington Plaza,02/08/1997,19/07/2021
632,Selia Borrow,sborrowhj@aboutads.info,775-46-7735,1326 Pond Plaza,26/07/1994,25/06/2021
633,Pet Peers,ppeershk@amazon.co.jp,718-67-7167,9 Ludington Drive,18/06/1949,27/06/2022
634,Carmine Lattka,clattkahl@virginia.edu,545-44-5045,6934 Bluejay Avenue,04/09/1968,21/09/2020
635,Teador Fache,tfachehm@qq.com,679-19-9048,2 Quincy Street,12/08/1960,23/11/2019
636,Cherilyn Cantrell,ccantrellhn@51.la,786-57-4382,88 Little Fleur Parkway,11/05/1963,19/10/2021
637,Hope Newns,hnewnsho@hp.com,450-12-3958,679 Sachs Crossing,19/01/1972,06/07/2021
638,Becca Latore,blatorehp@pinterest.com,714-57-1393,07 Nevada Road,25/04/1986,10/06/2020
639,Armando Doubrava,adoubravahq@huffingtonpost.com,889-80-0302,7385 3rd Junction,13/03/1941,25/11/2020
640,Millard Arnefield,marnefieldhr@ox.ac.uk,183-84-8825,82092 Sugar Court,11/09/1981,07/11/2020
641,Linnet Dinnington,ldinningtonhs@utexas.edu,592-16-8479,3 Maple Pass,16/11/1986,10/05/2020
642,Gilligan Bayston,gbaystonht@go.com,179-45-9808,46 Weeping Birch Place,20/10/1960,30/08/2020
643,Ogdan Siderfin,osiderfinhu@tripod.com,759-52-3604,646 Vermont Court,09/06/1986,13/08/2021
644,Rickey Dawid,rdawidhv@cnet.com,429-17-1203,90610 Kenwood Junction,08/02/2004,17/02/2021
645,Amery Spottiswood,aspottiswoodhw@technorati.com,603-34-4359,4 Northview Pass,14/06/1947,09/03/2022
646,Karole Ipplett,kippletthx@bigcartel.com,437-05-1786,1 Cottonwood Alley,05/01/1958,21/05/2021
647,Maisey Offield,moffieldhy@cnn.com,557-52-6864,64 Warbler Road,25/10/1973,05/06/2022
648,Baldwin Lauder,blauderhz@netscape.com,210-02-7610,649 Claremont Plaza,17/03/1956,29/06/2021
649,Shandie Gifford,sgiffordi0@usatoday.com,428-10-3123,40722 David Avenue,25/07/1972,12/07/2019
650,Patrizia Gritten,pgritteni1@wisc.edu,394-24-4710,6 Old Shore Way,16/03/1956,08/04/2019
651,Georgianna McAvey,gmcaveyi2@netscape.com,814-65-9504,85477 Graedel Junction,17/09/1942,15/10/2019
652,Silvester Ortner,sortneri3@creativecommons.org,119-11-6758,0784 Lighthouse Bay Point,10/01/1983,27/08/2020
653,Christos Leates,cleatesi4@deviantart.com,521-36-7290,13 Kedzie Trail,07/02/1978,13/03/2022
654,Wes Niece,wniecei5@netlog.com,527-65-3089,5 2nd Road,31/12/1995,31/03/2020
655,Skell Matyushkin,smatyushkini6@howstuffworks.com,136-31-1603,013 Mifflin Junction,07/03/1976,02/05/2022
656,Mateo Stocky,mstockyi7@netvibes.com,273-88-8911,40479 Merrick Drive,04/03/1964,18/04/2022
657,Camey Probet,cprobeti8@issuu.com,374-24-1820,8 North Point,18/11/1968,02/02/2019
658,Melina Cadalleder,mcadallederi9@weather.com,718-27-5927,0661 Ryan Street,20/11/1969,22/03/2020
659,Maxie Petrolli,mpetrolliia@mlb.com,412-78-2448,7569 Warrior Road,20/05/1985,02/06/2020
660,Lorin Hanscomb,lhanscombib@mac.com,245-36-8105,0752 Summerview Lane,04/02/1988,16/11/2020
661,Nanine Battams,nbattamsic@biblegateway.com,852-68-4241,81845 Eagle Crest Hill,24/08/1976,30/12/2020
662,Estel Romaynes,eromaynesid@army.mil,664-05-2318,97 Esch Road,27/04/1964,17/06/2021
663,Lizbeth Jaggi,ljaggiie@drupal.org,484-66-3645,75181 Lillian Lane,07/03/1974,24/05/2020
664,Cornie Woodrup,cwoodrupif@nasa.gov,622-48-1935,29 Tennyson Lane,11/09/1982,29/06/2019
665,Erin Marklund,emarklundig@cyberchimps.com,459-67-7558,181 7th Road,09/12/1991,12/09/2020
666,Hyacintha Lapping,hlappingih@go.com,806-42-2182,057 Prentice Road,21/02/1943,17/08/2021
667,Darleen Boice,dboiceii@latimes.com,413-50-9575,720 Randy Court,08/09/1988,04/01/2022
668,Franklyn McAnalley,fmcanalleyij@dropbox.com,882-63-5900,5 Sutherland Drive,27/05/1951,27/08/2020
669,Elwood Sparkwell,esparkwellik@w3.org,123-27-2203,9 Calypso Crossing,05/09/2016,04/09/2021
670,Goldie Thrustle,gthrustleil@usa.gov,868-09-2936,5802 Browning Hill,20/01/1971,04/01/2022
671,Cleve Kurth,ckurthim@buzzfeed.com,727-56-5507,88664 Badeau Junction,18/12/1967,28/06/2019
672,Erl Johnson,ejohnsonin@vkontakte.ru,517-31-6977,556 Fulton Way,29/06/1943,01/11/2022
673,Emogene Morilla,emorillaio@statcounter.com,171-18-8247,65587 Lyons Terrace,29/05/1956,29/07/2022
674,Huntlee Saket,hsaketip@booking.com,224-59-3711,6 Village Green Crossing,04/01/2002,20/09/2020
675,Barr Towndrow,btowndrowiq@tumblr.com,189-06-6790,7916 Sherman Place,20/06/2006,18/02/2021
676,Isidora Kimmings,ikimmingsir@simplemachines.org,195-36-7884,56 Cardinal Street,12/01/1962,25/09/2021
677,Anders Batterham,abatterhamis@discovery.com,628-50-8758,95 Tomscot Circle,24/01/1949,31/05/2021
678,Abram Selkirk,aselkirkit@indiatimes.com,513-30-4694,4 Gulseth Lane,19/04/1942,26/02/2022
679,Edvard Filewood,efilewoodiu@sfgate.com,258-74-8724,19 Farmco Alley,14/01/2013,01/11/2019
680,Jacynth Carletti,jcarlettiiv@stanford.edu,533-30-0146,1 Thompson Point,25/07/2000,25/01/2021
681,Caria Wahner,cwahneriw@archive.org,637-09-6047,591 Sullivan Point,28/10/2014,27/05/2021
682,Ainslie Sturton,asturtonix@booking.com,403-67-2373,83 West Road,12/04/1942,14/05/2022
683,Carine Baptist,cbaptistiy@rambler.ru,635-58-6551,5 Brickson Park Circle,11/07/2009,16/05/2019
684,Mortimer Paulon,mpauloniz@slashdot.org,147-68-8718,20 Knutson Drive,16/01/1966,04/12/2020
685,Klara Puller,kpullerj0@over-blog.com,357-95-2343,0506 Park Meadow Way,02/02/1968,12/12/2021
686,Urson McCullouch,umccullouchj1@tamu.edu,317-20-2450,6483 Alpine Terrace,13/10/2006,08/06/2019
687,Doro Ingliss,dinglissj2@rambler.ru,246-10-5610,593 Burrows Point,16/12/1953,12/02/2019
688,Teresa Sumshon,tsumshonj3@usnews.com,197-76-8298,7 Morningstar Center,21/03/1958,22/09/2020
689,Robena Harder,rharderj4@hao123.com,559-29-8750,756 Mcbride Crossing,08/02/1954,13/01/2022
690,Herculie Schowenburg,hschowenburgj5@nationalgeographic.com,217-51-5443,7108 Cottonwood Pass,03/06/1964,22/09/2020
691,Lemuel Butchard,lbutchardj6@booking.com,194-47-2590,6028 7th Alley,19/05/1961,05/02/2022
692,Reed Canter,rcanterj7@alibaba.com,315-44-3379,6 Meadow Vale Terrace,16/10/1979,22/11/2019
693,Eleanor Wakeham,ewakehamj8@google.com.hk,219-69-8040,0117 Messerschmidt Street,08/02/1973,04/12/2020
694,Elwood Weller,ewellerj9@bizjournals.com,248-10-5097,31583 Spaight Center,09/09/1976,22/03/2019
695,Calli Gamblin,cgamblinja@comcast.net,661-77-8287,01568 Hovde Street,22/12/1989,29/09/2019
696,Tyne Pennicott,tpennicottjb@meetup.com,596-46-5282,4 Kings Park,30/06/2008,17/07/2021
697,Cordula Goodright,cgoodrightjc@github.io,392-24-8488,897 Daystar Avenue,06/11/1962,24/06/2020
698,Vincent Knowlys,vknowlysjd@smugmug.com,223-25-7260,84235 Drewry Alley,14/08/1997,02/01/2021
699,Carole Dahl,cdahlje@imgur.com,128-13-3274,5390 Meadow Valley Street,12/09/1972,04/04/2019
700,Terese Alpine,talpinejf@hp.com,312-46-2030,81912 Summerview Center,19/08/1976,29/12/2022
701,Addie Behling,abehlingjg@163.com,272-12-6844,8579 Golf Center,11/01/1960,26/08/2022
702,Weston Risbridge,wrisbridgejh@harvard.edu,185-72-4490,4661 Fairview Street,07/06/1943,18/06/2019
703,Geraldine Aggas,gaggasji@gnu.org,663-75-0130,52106 Kensington Parkway,29/02/1948,29/01/2022
704,Thomasine Eim,teimjj@smh.com.au,525-88-6580,682 Warrior Way,31/08/1981,18/01/2019
705,Giralda Snawdon,gsnawdonjk@fema.gov,155-14-3581,09 Loomis Court,04/08/1984,22/08/2022
706,Georas Fatharly,gfatharlyjl@creativecommons.org,341-76-0424,93 Columbus Street,26/11/2012,13/09/2022
707,Cammie Guilliatt,cguilliattjm@hao123.com,823-32-5980,432 Fremont Center,27/05/1947,07/01/2019
708,Nettie Windrum,nwindrumjn@freewebs.com,529-48-2242,562 Victoria Crossing,14/05/2000,24/01/2020
709,Theda Cassella,tcassellajo@t-online.de,378-72-7745,277 Helena Plaza,03/03/1995,20/01/2021
710,Robers Ossenna,rossennajp@mysql.com,405-90-8245,37484 Porter Junction,09/10/2013,27/03/2020
711,Risa Keywood,rkeywoodjq@privacy.gov.au,592-63-9200,01 Kenwood Center,15/06/1945,10/05/2020
712,Angus Erdis,aerdisjr@pinterest.com,844-59-3216,606 Surrey Court,26/03/1944,21/07/2019
713,Annie Olivazzi,aolivazzijs@artisteer.com,596-96-5412,40868 Anzinger Pass,31/10/1979,08/04/2022
714,Ram Howey,rhoweyjt@berkeley.edu,347-83-5703,7 Browning Center,15/04/1956,17/06/2022
715,Woody Mottini,wmottiniju@weebly.com,333-64-9607,701 Bobwhite Hill,04/08/1945,30/09/2021
716,Tucky Keyser,tkeyserjv@google.pl,246-10-4579,863 Forest Run Avenue,18/04/1995,19/01/2022
717,Saunders McColl,smccolljw@quantcast.com,300-09-6931,24 Maple Wood Road,28/10/2002,02/11/2020
718,Ciel Stailey,cstaileyjx@godaddy.com,513-81-7175,3 Debra Drive,03/05/1966,16/08/2020
719,Jessica Nisard,jnisardjy@tripod.com,359-14-3894,48647 Southridge Avenue,20/07/1961,29/01/2022
720,Caril Ferrer,cferrerjz@histats.com,384-19-4918,90 Springs Avenue,23/09/1999,24/11/2019
721,Anderson Wolvey,awolveyk0@weebly.com,856-31-6218,663 Armistice Junction,06/02/2004,17/09/2019
722,Druci Szymoni,dszymonik1@cmu.edu,498-75-5042,4305 Westridge Street,13/07/1945,29/10/2021
723,Cy Hardbattle,chardbattlek2@usnews.com,471-44-6505,33 Fisk Hill,06/08/1951,26/08/2019
724,Manda McLeoid,mmcleoidk3@cnn.com,478-85-5761,2 Forest Run Lane,01/10/1952,09/10/2020
725,Quintina Noyce,qnoycek4@amazon.co.uk,306-08-6205,66877 Sycamore Court,01/07/1941,05/05/2019
726,Ethelbert Kitt,ekittk5@aol.com,276-25-5069,108 Gale Road,20/05/1942,05/01/2022
727,Myrle Werrett,mwerrettk6@bandcamp.com,876-25-0477,71485 Kennedy Place,09/04/1968,07/05/2021
728,Emyle Hanhard,ehanhardk7@sohu.com,128-84-1916,38391 Quincy Way,12/05/2002,04/05/2022
729,Murdoch Dooman,mdoomank8@sciencedirect.com,789-11-7960,7 Kinsman Junction,02/06/1953,02/02/2019
730,Hunfredo O'Currine,hocurrinek9@hhs.gov,214-97-6676,2 Dayton Parkway,09/03/2002,25/04/2022
731,Giles Stedall,gstedallka@lycos.com,260-52-2272,3 Heath Road,19/07/1989,13/09/2021
732,Titos Pitkeathly,tpitkeathlykb@imdb.com,193-35-6620,91 Southridge Center,27/11/1998,29/12/2021
733,Daniella Imbrey,dimbreykc@usatoday.com,169-25-9906,26 Summer Ridge Avenue,24/01/2002,17/05/2020
734,Lynn Badrick,lbadrickkd@icq.com,194-03-3641,63 Bobwhite Drive,27/05/1950,29/11/2022
735,Lynea Kean,lkeanke@senate.gov,165-64-4050,2122 Mockingbird Terrace,28/01/2013,24/01/2020
736,Britni Le Prevost,blekf@narod.ru,604-80-0854,1312 Hooker Terrace,09/04/2011,27/12/2022
737,Wald Hearl,whearlkg@dion.ne.jp,226-23-6794,4 Oriole Terrace,23/01/1946,20/04/2021
738,Blair Fenix,bfenixkh@yellowbook.com,306-82-3708,2622 Crescent Oaks Junction,16/03/1991,05/10/2022
739,Roddie Tebbe,rtebbeki@goo.gl,505-07-8074,25 Sloan Place,10/02/2009,17/08/2021
740,Nappy Thumim,nthumimkj@cnet.com,282-32-6579,525 Bartillon Way,30/01/2016,15/02/2022
741,Billie Fowell,bfowellkk@phoca.cz,799-84-2336,7989 Aberg Place,09/11/1981,10/06/2020
742,Farrell Showler,fshowlerkl@lulu.com,518-01-9927,70949 Haas Junction,04/03/1962,07/03/2020
743,Seline Heikkinen,sheikkinenkm@cdc.gov,436-96-2346,3522 Butterfield Alley,20/09/1951,31/05/2019
744,Hersch Siley,hsileykn@noaa.gov,763-64-6769,4337 Lukken Circle,14/10/2013,08/10/2022
745,Frasier Cherryman,fcherrymanko@about.me,365-47-5479,4 Lawn Circle,23/07/1980,05/08/2021
746,Klement Lytell,klytellkp@twitpic.com,793-69-8216,621 Heath Center,10/03/2015,12/09/2022
747,Estel Wellesley,ewellesleykq@blogs.com,301-16-9297,3 Ilene Alley,25/04/2003,28/11/2020
748,Clem Eddowis,ceddowiskr@columbia.edu,191-60-2495,200 Oneill Alley,17/02/1990,25/06/2022
749,Joella Dobel,jdobelks@behance.net,360-85-1673,8 Hollow Ridge Park,25/10/1986,22/05/2019
750,Cindi Lewerenz,clewerenzkt@toplist.cz,642-37-2985,32492 Duke Crossing,15/10/1942,11/11/2020
751,Calhoun Cowup,ccowupku@rambler.ru,687-22-6314,59609 Pennsylvania Way,24/08/1976,17/10/2019
752,Ashil Snar,asnarkv@ustream.tv,275-99-3626,31788 Crest Line Circle,12/04/1946,19/10/2019
753,Frederica Hawney,fhawneykw@foxnews.com,184-10-4248,1 Ludington Trail,29/05/1987,24/11/2021
754,Magdaia Ottewell,mottewellkx@bizjournals.com,272-05-1617,6649 Corry Terrace,24/05/1949,30/10/2021
755,Lindsay Tarzey,ltarzeyky@godaddy.com,851-01-3676,9 Coleman Hill,23/07/2011,21/06/2020
756,Adams Bein,abeinkz@vimeo.com,145-19-9344,37547 Boyd Lane,22/10/1998,16/03/2022
757,Cointon Bryers,cbryersl0@myspace.com,855-75-4030,1382 Blackbird Street,20/10/1980,13/09/2021
758,Garrek Damato,gdamatol1@163.com,634-53-6935,69 Dorton Road,11/10/1982,09/01/2019
759,Bancroft Langcaster,blangcasterl2@nbcnews.com,847-75-7319,11 Tomscot Drive,05/01/1964,28/05/2019
760,Starla Ruppelin,sruppelinl3@paypal.com,279-43-5592,660 Elka Parkway,07/04/1986,21/10/2021
761,Dynah Dupoy,ddupoyl4@trellian.com,767-73-8703,97584 Ridge Oak Circle,04/12/1997,31/03/2020
762,Packston Richie,prichiel5@mapquest.com,868-71-4824,56 Forest Dale Pass,17/03/1993,11/01/2020
763,Wini Oloshin,woloshinl6@cisco.com,255-87-5278,12 Maryland Avenue,12/03/1950,07/02/2019
764,Charity Venart,cvenartl7@cloudflare.com,220-62-8182,2494 Canary Center,23/08/2007,24/12/2018
765,Ailbert Quittonden,aquittondenl8@jimdo.com,229-44-1874,65 Bultman Court,25/11/1966,25/10/2021
766,Wendall Levins,wlevinsl9@shareasale.com,562-61-5439,247 Elgar Pass,06/03/1983,30/07/2022
767,Hanan Lagen,hlagenla@opensource.org,696-80-8703,18450 Forest Dale Hill,04/05/2007,14/12/2018
768,Bendick Faulkener,bfaulkenerlb@wikispaces.com,366-66-9125,32651 School Terrace,20/09/2009,20/07/2021
769,Nichole Wretham,nwrethamlc@ovh.net,801-93-7913,7 Sunnyside Road,01/05/2012,23/11/2022
770,Heriberto Goolding,hgooldingld@accuweather.com,571-42-0693,988 Trailsway Alley,22/10/1982,08/08/2021
771,Callean Casarili,ccasarilile@umn.edu,257-82-4578,2915 Namekagon Junction,14/12/1963,25/12/2020
772,Jazmin Ahrenius,jahreniuslf@wired.com,328-69-6014,9 Monument Place,30/06/2004,28/10/2021
773,Issi Mityashin,imityashinlg@google.it,182-80-4929,7 David Hill,18/08/1986,05/04/2021
774,Marina Christopher,mchristopherlh@dropbox.com,379-53-8918,43 Springs Street,11/11/1975,10/04/2022
775,Leonid Ierland,lierlandli@jiathis.com,623-49-2604,28140 Eggendart Street,25/01/2009,12/08/2020
776,Tailor Toft,ttoftlj@netscape.com,425-42-4911,55329 Village Circle,05/12/1989,12/12/2021
777,Constantine Lanchester,clanchesterlk@indiegogo.com,783-84-7767,62136 Merrick Hill,26/09/1970,08/11/2019
778,Eveline O'Carmody,eocarmodyll@shop-pro.jp,362-67-5535,93 Myrtle Pass,26/03/2007,22/06/2020
779,Bert Shearer,bshearerlm@xing.com,650-71-4968,4369 Vahlen Point,04/07/1963,24/12/2018
780,Tiffanie Tasseler,ttasselerln@craigslist.org,872-44-6017,76445 Hanover Park,14/11/1980,13/09/2020
781,Caddric Bedow,cbedowlo@berkeley.edu,285-38-0045,9 Esker Trail,15/08/2007,25/07/2020
782,Paquito Prest,pprestlp@live.com,845-12-7515,33886 Cambridge Place,04/11/2000,09/07/2020
783,Rick Anthoney,ranthoneylq@icq.com,261-79-4010,45 Debs Lane,22/02/1978,01/07/2020
784,Lenci Bearsmore,lbearsmorelr@nhs.uk,164-39-6860,86270 Loftsgordon Drive,11/01/1942,06/07/2022
785,Enrico Torrejon,etorrejonls@cpanel.net,239-17-3128,365 Clemons Circle,22/10/1986,30/06/2020
786,Chip Hogbourne,chogbournelt@rakuten.co.jp,810-99-4880,3156 Manitowish Street,08/07/1974,11/06/2021
787,Kariotta Jannasch,kjannaschlu@redcross.org,802-56-5397,26868 Gale Hill,28/01/1988,19/03/2020
788,Lucienne Reisenstein,lreisensteinlv@naver.com,846-24-5456,808 Clove Parkway,15/01/2001,22/02/2022
789,Hobard Pledge,hpledgelw@ucoz.com,188-65-3423,7003 Luster Center,06/02/1975,29/12/2019
790,Jermaine Guillford,jguillfordlx@walmart.com,478-48-0081,0 Cardinal Pass,15/02/1971,31/12/2018
791,Blancha Guenther,bguentherly@google.co.jp,281-78-6529,6 Tennessee Street,23/07/1972,29/08/2021
792,Hollie Dumphrey,hdumphreylz@bing.com,112-07-6242,81066 West Trail,09/12/1978,25/01/2022
793,Ruddy McTerry,rmcterrym0@msn.com,755-89-2555,65 South Alley,08/09/1997,16/06/2021
794,Farah Greensmith,fgreensmithm1@hibu.com,542-52-3658,9 Division Terrace,19/03/1957,15/11/2021
795,Shirlee Rentelll,srentelllm2@statcounter.com,509-23-5127,1 Arapahoe Way,08/01/1999,10/12/2018
796,Cherilyn Cragg,ccraggm3@bbb.org,369-80-1444,322 Express Circle,04/02/2003,01/01/2019
797,Ibby Marlowe,imarlowem4@cnet.com,582-27-7747,7 American Park,27/08/1975,19/09/2019
798,Ashely Gregson,agregsonm5@huffingtonpost.com,503-01-9663,59486 Dennis Parkway,13/10/1978,20/02/2019
799,Hershel Blitzer,hblitzerm6@bloomberg.com,776-22-9082,93 Roxbury Junction,08/08/1991,21/01/2022
800,Duff Macrow,dmacrowm7@yale.edu,234-27-2158,01 Buena Vista Circle,20/07/1993,25/07/2020
801,Berni Cradick,bcradickm8@cdc.gov,162-42-4116,36 Gale Alley,06/05/1977,22/02/2020
802,Sigvard Massel,smasselm9@example.com,267-48-6254,966 Buhler Way,26/12/1985,27/01/2019
803,Gratia Pedgrift,gpedgriftma@deliciousdays.com,798-82-6041,9837 8th Place,14/05/1990,15/04/2021
804,Sally Bullivent,sbulliventmb@newsvine.com,536-92-6784,49158 Fremont Center,12/03/1948,03/08/2019
805,Towny Gerber,tgerbermc@g.co,156-23-4284,6144 Waywood Point,21/11/1965,24/05/2021
806,Paola Coolbear,pcoolbearmd@altervista.org,725-94-5622,884 Cherokee Junction,14/02/1961,24/07/2022
807,Emalia Figgins,efigginsme@bluehost.com,822-20-4165,67 Old Shore Place,15/11/1948,13/10/2020
808,Lorianna Heiner,lheinermf@oakley.com,813-24-5876,909 American Ash Lane,06/05/1983,25/07/2022
809,Adara Lugg,aluggmg@marketwatch.com,162-84-7082,68 Granby Terrace,01/05/2001,22/11/2021
810,Eleonore Lerhinan,elerhinanmh@cyberchimps.com,524-79-1292,6 Mayer Court,16/12/1978,26/06/2019
811,Charlie Costigan,ccostiganmi@princeton.edu,528-30-8824,1 Buell Park,18/05/1983,13/10/2020
812,Pier Fosten,pfostenmj@redcross.org,203-56-7360,30705 Katie Avenue,10/05/1972,30/03/2020
813,Spense Wyson,swysonmk@geocities.com,180-64-2820,626 Hintze Pass,26/09/1994,26/01/2022
814,Dermot Sloy,dsloyml@taobao.com,634-23-7445,49198 Mayfield Drive,04/01/1957,05/04/2021
815,Valentina Beckham,vbeckhammm@smugmug.com,743-33-2364,09690 Golf View Lane,17/07/1970,17/12/2021
816,Garth Yapp,gyappmn@cbslocal.com,143-19-7406,28685 Springview Junction,30/09/1958,11/04/2019
817,Aidan Scarlet,ascarletmo@patch.com,117-40-7330,39092 High Crossing Avenue,16/11/1996,26/10/2022
818,Esmeralda Dumbar,edumbarmp@slate.com,533-75-7312,948 Dahle Park,14/09/1953,26/12/2020
819,Carlyle Local,clocalmq@paginegialle.it,613-67-3173,60843 Lotheville Drive,27/01/1974,11/06/2020
820,Emile Leedes,eleedesmr@auda.org.au,742-66-6125,606 Dovetail Crossing,11/01/1959,03/08/2020
821,Elisabeth Stobbart,estobbartms@microsoft.com,438-42-1953,33184 Coolidge Drive,20/07/2006,28/05/2022
822,Aubree Queste,aquestemt@topsy.com,477-98-2754,7450 Sheridan Plaza,25/04/1981,05/10/2022
823,Tracey Kinchley,tkinchleymu@shinystat.com,233-61-9606,30434 Dovetail Drive,16/05/1987,16/04/2020
824,Benedikt Kaser,bkasermv@gnu.org,750-67-0655,14 Swallow Terrace,27/03/1981,13/07/2022
825,Frankie MacLaren,fmaclarenmw@discovery.com,856-63-6064,6246 Twin Pines Way,25/10/1980,22/04/2019
826,Zarah McVaugh,zmcvaughmx@pcworld.com,170-54-4719,5614 Anzinger Street,15/04/1960,22/01/2020
827,Tom Dresser,tdressermy@altervista.org,375-20-1351,336 Dennis Point,17/08/1952,23/08/2021
828,Hilda Gibbens,hgibbensmz@zimbio.com,299-27-9996,7 Kensington Point,09/08/1975,11/11/2020
829,Leena MacLise,lmaclisen0@fda.gov,313-41-1929,292 Arizona Point,28/09/2014,10/04/2021
830,Roderick Hrishanok,rhrishanokn1@cbsnews.com,356-43-1030,6 Chinook Drive,12/02/1942,08/09/2019
831,Tyne MacConnel,tmacconneln2@aol.com,101-39-1274,9842 Blackbird Crossing,25/07/1976,27/05/2022
832,Murdock Bowie,mbowien3@redcross.org,126-19-6240,89893 Golf Circle,06/12/1943,02/08/2019
833,Ludovico Maber,lmabern4@mtv.com,542-47-1771,569 Roxbury Court,24/11/1972,30/08/2020
834,Romona Mussetti,rmussettin5@arizona.edu,390-25-8886,91641 Northwestern Street,08/04/1973,08/12/2020
835,Latrena Tuminini,ltumininin6@nature.com,796-77-1476,1 Monica Parkway,13/01/2015,15/06/2019
836,Aksel Hayth,ahaythn7@illinois.edu,135-48-1789,48171 Commercial Plaza,31/01/1998,17/06/2019
837,Kerwinn Luttgert,kluttgertn8@fema.gov,158-56-7680,45 Carberry Road,23/02/1949,31/08/2021
838,Bekki Siveyer,bsiveyern9@zdnet.com,655-13-8838,55972 Haas Street,23/05/1951,01/09/2019
839,Thoma Whyman,twhymanna@imageshack.us,435-29-7989,3 Redwing Road,10/06/1983,01/11/2020
840,Issi Avery,iaverynb@disqus.com,872-96-2951,48 Pierstorff Circle,19/12/1946,22/03/2019
841,Avrom Visco,avisconc@alexa.com,271-25-4326,19 Emmet Place,27/11/2012,10/10/2019
842,Benedikt Cousins,bcousinsnd@123-reg.co.uk,471-96-8693,613 Ramsey Center,05/05/2000,23/04/2019
843,Cherlyn Lyvon,clyvonne@xinhuanet.com,523-54-6623,375 Swallow Parkway,01/07/1943,15/09/2021
844,Maren Branscombe,mbranscombenf@de.vu,153-60-4665,16 Randy Terrace,30/12/1995,23/05/2021
845,Jaquelyn Alloway,jallowayng@biblegateway.com,842-68-4807,3071 Bowman Hill,26/01/1956,20/02/2019
846,Cecile Boerderman,cboerdermannh@columbia.edu,438-11-2586,1 Schurz Center,01/05/1979,21/12/2021
847,Hillel Siggin,hsigginni@geocities.jp,180-48-0836,76728 Aberg Way,11/01/1995,16/01/2019
848,Andrej Devote,adevotenj@guardian.co.uk,416-66-2732,0507 Heffernan Point,31/07/1998,27/07/2019
849,Ardra Beaument,abeaumentnk@cnn.com,390-57-8158,73 Twin Pines Pass,22/04/2016,11/06/2021
850,Guillaume Tale,gtalenl@icq.com,162-79-5183,11 Mayer Center,01/08/2014,10/12/2019
851,Irina Goodwell,igoodwellnm@studiopress.com,701-07-0581,423 Del Sol Hill,10/12/1995,11/07/2021
852,Keenan Parken,kparkennn@wp.com,352-36-4713,08156 Hanover Point,05/09/1962,22/06/2020
853,Mildred Goodoune,mgoodouneno@cbsnews.com,738-29-7712,75 Mariners Cove Circle,24/01/2010,23/11/2021
854,Tessi Rutledge,trutledgenp@spotify.com,582-91-4753,93 Oriole Plaza,26/12/2001,10/01/2020
855,Sofia Bucknall,sbucknallnq@squarespace.com,385-83-9118,52 Forest Dale Lane,13/11/2006,26/04/2020
856,Andra Bremner,abremnernr@blogger.com,152-02-1684,729 Nancy Hill,28/04/2007,30/06/2022
857,Farand Dohmer,fdohmerns@mashable.com,400-99-3546,78 Bellgrove Place,09/07/1995,07/05/2022
858,Emelita Squibbs,esquibbsnt@dedecms.com,491-33-6714,1 Hauk Trail,11/05/1949,13/08/2019
859,Lemmy Ackerman,lackermannu@dagondesign.com,567-87-0445,6 Lawn Alley,06/04/2009,28/07/2020
860,Leoine Jerams,ljeramsnv@sohu.com,129-20-6580,900 Bowman Plaza,15/05/1951,17/03/2022
861,Peggy Lamminam,plamminamnw@usatoday.com,252-88-3756,974 Redwing Parkway,27/08/1945,02/09/2020
862,Regine Tickel,rtickelnx@over-blog.com,340-52-9557,995 Kings Court,30/03/1953,23/09/2020
863,Miltie Josskoviz,mjosskovizny@example.com,878-32-2611,30989 Johnson Avenue,07/12/1964,26/08/2020
864,Kendell Gawen,kgawennz@biblegateway.com,843-86-2020,69683 Riverside Park,10/04/2008,31/01/2021
865,Miller Antonopoulos,mantonopouloso0@accuweather.com,510-56-1047,0168 Russell Alley,04/03/1943,21/08/2022
866,Nahum Branchflower,nbranchflowero1@ezinearticles.com,879-53-8967,138 Dayton Avenue,11/04/1976,16/09/2022
867,Robinet Bax,rbaxo2@nydailynews.com,451-72-1117,13501 High Crossing Junction,28/04/2004,02/12/2022
868,Pattie Haighton,phaightono3@posterous.com,301-06-6600,634 Shoshone Pass,24/09/1958,05/08/2021
869,Flossi McRamsey,fmcramseyo4@businesswire.com,774-11-7005,32719 Stuart Park,30/09/1997,18/09/2022
870,Bobbee McWhorter,bmcwhortero5@ocn.ne.jp,868-68-3891,1 Brickson Park Center,10/10/1990,27/08/2020
871,Jo-ann Enterlein,jenterleino6@facebook.com,291-41-9475,8 Merchant Lane,22/01/1962,12/11/2019
872,Hugo Disbrow,hdisbrowo7@soundcloud.com,748-78-5059,70526 Oneill Road,14/04/1969,09/10/2022
873,Jillie Maase,jmaaseo8@sohu.com,872-12-1347,041 Oneill Drive,16/11/1951,12/09/2020
874,Carmencita Tupman,ctupmano9@comsenz.com,817-10-9327,346 Waywood Alley,18/08/1967,29/04/2019
875,Tomasina Lorand,tlorandoa@omniture.com,419-15-7923,4 Prairieview Road,18/01/1996,26/02/2019
876,Nikos Union,nunionob@soup.io,116-58-7214,26481 Lukken Drive,29/10/1973,30/08/2019
877,Pattin Raisbeck,praisbeckoc@twitpic.com,141-54-7277,9 Kenwood Avenue,17/05/1979,27/09/2021
878,Feliks Carslake,fcarslakeod@ted.com,663-71-9606,8870 Harbort Hill,30/10/1957,07/11/2019
879,Gwen Vater,gvateroe@imageshack.us,250-43-1600,53827 Mariners Cove Crossing,07/06/1950,26/09/2021
880,Hildagarde Parr,hparrof@unesco.org,467-89-8406,122 Hovde Alley,27/04/1987,26/04/2020
881,Kitti Cherry,kcherryog@lycos.com,236-75-9620,017 Logan Place,10/03/2003,22/05/2022
882,Michaelina FitzGibbon,mfitzgibbonoh@twitpic.com,894-50-1106,3237 Cody Parkway,08/12/2001,31/10/2022
883,Earl Buffin,ebuffinoi@addthis.com,400-59-0300,600 Stang Place,08/02/1982,29/12/2020
884,Michale McGarrie,mmcgarrieoj@discovery.com,459-61-0466,518 Nelson Hill,28/01/2011,19/06/2020
885,Dewey Messiter,dmessiterok@irs.gov,563-77-3231,9 Lakewood Gardens Lane,07/12/1949,24/08/2019
886,Aldridge Branton,abrantonol@time.com,516-06-4409,8 Holmberg Hill,29/12/1990,03/05/2020
887,Joana Georgelin,jgeorgelinom@mapy.cz,895-20-5875,80 Harbort Park,04/08/1952,05/02/2020
888,Julissa Hurleston,jhurlestonon@goodreads.com,247-59-4618,2 American Plaza,04/12/1959,19/06/2022
889,Buddie Cornier,bcornieroo@sourceforge.net,473-12-6724,7192 Graedel Avenue,13/11/1953,13/09/2020
890,Halsey Aloshechkin,haloshechkinop@zdnet.com,788-50-6403,6 Rusk Junction,28/10/1972,05/12/2020
891,Rhodie Leverentz,rleverentzoq@java.com,787-22-8097,50 Susan Junction,16/02/1984,18/06/2022
892,Gerladina Sallarie,gsallarieor@stanford.edu,368-04-9928,5 Loftsgordon Circle,30/06/1969,02/06/2020
893,Iver Fidgett,ifidgettos@sun.com,757-92-8439,4 Crest Line Junction,15/03/1991,12/12/2019
894,Carey Yurkevich,cyurkevichot@forbes.com,200-82-5261,7 Boyd Junction,20/12/2006,16/05/2021
895,Harley Debling,hdeblingou@discuz.net,585-63-8446,0 Longview Plaza,01/10/1956,19/05/2022
896,Joyann Keetch,jkeetchov@aol.com,517-33-4407,26 Marquette Parkway,21/03/1958,10/01/2020
897,Dennison Dene,ddeneow@ted.com,659-76-7966,92 Messerschmidt Crossing,26/04/1947,12/11/2019
898,Aridatha Fateley,afateleyox@wikimedia.org,515-61-6854,095 Dayton Way,28/12/1975,30/10/2022
899,Bryant Cave,bcaveoy@posterous.com,695-81-5379,923 Commercial Court,11/10/2016,31/12/2019
900,Gabbey McGuckin,gmcguckinoz@epa.gov,235-94-1877,74224 Gale Park,11/09/1970,23/10/2022
901,Immanuel Bond,ibondp0@networkadvertising.org,252-44-8179,50 Carpenter Parkway,27/09/1978,16/12/2018
902,Nance Doubrava,ndoubravap1@soundcloud.com,344-01-0665,21464 Annamark Pass,22/02/1979,25/04/2020
903,Gonzales Brightman,gbrightmanp2@discuz.net,498-63-2521,9999 Johnson Parkway,27/03/1960,09/01/2019
904,Gorden Woodruffe,gwoodruffep3@wikimedia.org,815-93-2316,664 Scoville Pass,19/03/1986,26/08/2021
905,Yehudi Iggalden,yiggaldenp4@rambler.ru,250-53-1856,6 Saint Paul Pass,25/07/1984,26/05/2022
906,Julio Skene,jskenep5@pen.io,363-42-4744,1 Bobwhite Alley,21/02/1958,02/08/2021
907,Dominique Stenners,dstennersp6@sfgate.com,246-59-1061,35 Old Shore Street,27/04/2009,08/08/2021
908,Sammy Ondrak,sondrakp7@marriott.com,221-27-5767,1147 Buena Vista Circle,17/03/2013,31/08/2022
909,Sallee Bee,sbeep8@arizona.edu,284-23-5618,6244 Namekagon Road,25/05/2009,15/05/2019
910,Nona Merigot,nmerigotp9@people.com.cn,879-20-2369,67408 Butterfield Way,03/05/1963,08/04/2021
911,Elly Llorens,ellorenspa@google.pl,665-50-7422,2 Northland Plaza,19/09/1949,20/12/2018
912,Christye Stucksbury,cstucksburypb@taobao.com,884-61-6466,687 Union Place,12/05/2011,14/10/2020
913,Leif Minillo,lminillopc@chron.com,580-89-0331,91 Summer Ridge Pass,26/08/1947,27/02/2019
914,Alisun Vossgen,avossgenpd@howstuffworks.com,515-89-0767,0 Sunbrook Park,31/05/1991,25/12/2018
915,Cathyleen Crebbin,ccrebbinpe@utexas.edu,335-18-3106,08147 Northview Street,11/01/1964,04/05/2022
916,Adolf Letherbury,aletherburypf@netlog.com,846-42-6608,16127 Fordem Avenue,14/01/1941,31/07/2020
917,Walt Goldby,wgoldbypg@cisco.com,541-75-2793,70 Farmco Park,12/12/1948,30/04/2021
918,Caterina Goodsal,cgoodsalph@google.pl,897-45-0867,786 Ridgeway Park,22/10/1948,09/07/2019
919,Georgi Dripps,gdrippspi@moonfruit.com,347-10-3324,65014 Leroy Junction,10/12/1962,02/01/2019
920,Chane Parlor,cparlorpj@japanpost.jp,402-82-5395,58 Moulton Street,28/03/2013,23/12/2018
921,Federico O'Heneghan,foheneghanpk@nasa.gov,133-95-1761,556 Loeprich Hill,09/03/1945,21/09/2022
922,Selie Clorley,sclorleypl@reverbnation.com,102-26-6490,8380 Cottonwood Street,13/06/1989,03/05/2020
923,Bee Deeley,bdeeleypm@ed.gov,855-29-5720,99 Cascade Road,29/11/1978,24/12/2020
924,Angele Brickett,abrickettpn@4shared.com,790-84-2839,775 Jana Parkway,30/07/1963,03/06/2020
925,Letisha Cogswell,lcogswellpo@abc.net.au,802-67-3298,8 Bluejay Park,29/09/2006,01/06/2020
926,Roma McCallister,rmccallisterpp@desdev.cn,749-31-9575,0171 Nevada Alley,27/06/1949,20/11/2022
927,Quill Foucar,qfoucarpq@seattletimes.com,155-39-6606,9973 Spaight Pass,06/04/1958,07/09/2022
928,Calla de Banke,cdepr@usnews.com,361-86-9904,1 Bowman Circle,23/06/1960,14/06/2022
929,Callie Cullity,ccullityps@parallels.com,692-60-4871,09 South Alley,02/06/1980,05/03/2019
930,Ed Lean,eleanpt@hhs.gov,607-83-5818,8 Washington Park,01/07/1995,18/08/2021
931,Wilt Budding,wbuddingpu@arstechnica.com,293-43-5174,2 Del Sol Street,26/03/1967,24/06/2020
932,Catie Coppock.,ccoppockpv@twitter.com,596-81-1319,358 Dwight Road,14/09/1989,22/11/2021
933,Barny Climer,bclimerpw@blogspot.com,637-70-7384,416 Swallow Court,20/07/1986,22/03/2019
934,Haily Regelous,hregelouspx@woothemes.com,486-01-9836,99110 Carberry Court,25/07/1964,15/03/2021
935,Bridget Sybe,bsybepy@people.com.cn,782-21-8132,288 Lake View Terrace,02/08/1970,23/06/2019
936,Malcolm Haffenden,mhaffendenpz@globo.com,375-06-0417,7 Huxley Center,14/03/2007,22/11/2020
937,Zsazsa Fosten,zfostenq0@spotify.com,433-55-4762,22906 Moulton Street,19/11/2003,04/11/2022
938,Jewelle Dudbridge,jdudbridgeq1@redcross.org,832-10-9877,8 Scofield Drive,21/11/1973,22/04/2019
939,Oliy Midghall,omidghallq2@com.com,865-46-6625,4607 Meadow Ridge Street,09/11/1946,28/06/2021
940,Devinne Attril,dattrilq3@drupal.org,805-15-5077,002 Dwight Terrace,09/03/1942,25/04/2020
941,Euphemia Foucard,efoucardq4@yolasite.com,725-50-5510,703 Grover Drive,18/02/1974,25/09/2019
942,Forrester Richie,frichieq5@sbwire.com,414-74-6317,0 Waxwing Alley,09/11/2007,22/05/2021
943,Augusto Perillio,aperillioq6@digg.com,211-60-7943,7 Heath Trail,15/06/1972,02/07/2021
944,Rosaline Keepe,rkeepeq7@photobucket.com,776-27-2265,2740 Drewry Avenue,14/07/1984,07/03/2022
945,Lucretia Kubacki,lkubackiq8@huffingtonpost.com,275-11-1777,63 Center Way,05/04/1952,16/05/2020
946,Daisi Trye,dtryeq9@symantec.com,695-79-6335,28 Nobel Center,30/12/1978,19/05/2021
947,Pearl Beatson,pbeatsonqa@posterous.com,696-53-5070,312 Anthes Road,24/01/2007,30/05/2022
948,Giff Mathissen,gmathissenqb@booking.com,424-32-6780,4730 Lighthouse Bay Way,16/02/1975,04/08/2022
949,Courtnay Faussett,cfaussettqc@livejournal.com,720-91-4392,7 West Center,09/08/1987,23/02/2022
950,Nerte Whitloe,nwhitloeqd@desdev.cn,435-61-0681,1 Sullivan Hill,31/10/1977,12/10/2020
951,Michaela Whellans,mwhellansqe@google.ru,183-59-8710,5 Cottonwood Parkway,01/06/1975,28/05/2019
952,Damien Barszczewski,dbarszczewskiqf@mozilla.org,692-39-4671,49 Rockefeller Junction,20/01/1982,15/01/2021
953,Avrit Mardling,amardlingqg@php.net,212-27-3685,041 Vahlen Point,03/11/1969,29/09/2019
954,Franni Gregore,fgregoreqh@aol.com,695-42-5265,966 Rusk Hill,27/04/2012,11/03/2019
955,Huntlee Battaille,hbattailleqi@storify.com,578-12-8661,72132 Golf View Plaza,14/11/1967,07/05/2022
956,May Trendle,mtrendleqj@uol.com.br,535-57-0419,901 Hanover Parkway,10/11/1953,18/07/2020
957,Benni Rawsen,brawsenqk@trellian.com,218-10-9815,36 Nobel Court,11/02/1973,30/05/2019
958,Benjy Guiden,bguidenql@timesonline.co.uk,213-29-6045,3555 Eagle Crest Trail,10/09/1954,23/12/2019
959,Margaretta Sinnocke,msinnockeqm@nsw.gov.au,191-96-4015,1 Gerald Park,14/11/2007,26/01/2019
960,Clayton Seward,csewardqn@loc.gov,740-02-0832,61933 Shoshone Park,26/03/1992,22/08/2022
961,Ruby Beasleigh,rbeasleighqo@bizjournals.com,759-59-1987,2 Boyd Road,10/04/1991,15/06/2021
962,Brian Dye,bdyeqp@epa.gov,269-73-0327,564 Barnett Street,01/06/1961,06/09/2022
963,Arch Panketh,apankethqq@ucla.edu,192-21-8791,30 Arkansas Way,14/09/1962,26/08/2020
964,Kenny Dayer,kdayerqr@skype.com,572-31-2721,6297 Erie Avenue,28/10/1989,30/04/2021
965,Kendrick Deniscke,kdenisckeqs@chron.com,132-84-8565,3642 Dottie Center,20/01/2003,14/06/2021
966,Amandi Selwood,aselwoodqt@odnoklassniki.ru,850-34-0856,486 Cherokee Circle,08/01/2016,28/11/2021
967,Paten Borless,pborlessqu@ycombinator.com,827-77-7181,1781 Knutson Way,28/11/2013,22/08/2021
968,Ariel Congreve,acongreveqv@joomla.org,446-03-4094,00858 Ronald Regan Hill,18/02/2007,17/09/2019
969,Stafford Dog,sdogqw@sbwire.com,378-89-6802,46 Gerald Point,05/06/1948,12/02/2019
970,Devland Manktelow,dmanktelowqx@nationalgeographic.com,586-25-1664,50010 Pierstorff Hill,17/03/1958,10/08/2020
971,Lucky Dangerfield,ldangerfieldqy@dedecms.com,119-58-2545,0 Prairie Rose Avenue,31/07/2004,20/09/2019
972,Meggy Paulus,mpaulusqz@narod.ru,276-88-1394,6 Fair Oaks Parkway,15/10/1994,14/06/2022
973,Retha Blakiston,rblakistonr0@surveymonkey.com,736-09-1326,194 Lien Crossing,04/10/2013,17/11/2019
974,Rainer Yewman,ryewmanr1@wikipedia.org,746-58-1885,202 Meadow Vale Place,02/03/1997,02/03/2022
975,Brendon Cummungs,bcummungsr2@github.com,677-59-7586,1776 Buell Pass,18/04/1964,01/03/2022
976,Darb Vanyarkin,dvanyarkinr3@arstechnica.com,350-98-9056,36 Di Loreto Street,20/01/1986,26/11/2022
977,Magdalene Sayton,msaytonr4@delicious.com,610-72-3383,372 Canary Terrace,05/03/1956,09/10/2020
978,Burtie Dufer,bduferr5@mapquest.com,222-17-9178,2089 South Pass,19/09/2002,15/07/2021
979,Clementius Benoist,cbenoistr6@g.co,261-45-1434,76660 Union Hill,28/06/1950,16/11/2020
980,Demetria Kingsnorth,dkingsnorthr7@163.com,773-58-1598,9213 Sauthoff Place,24/04/2012,06/11/2019
981,Duffy Luker,dlukerr8@comsenz.com,468-35-6123,1028 Crest Line Court,24/06/1961,03/11/2021
982,Joella Dittson,jdittsonr9@icq.com,715-69-0100,449 Shelley Plaza,13/12/1977,05/10/2020
983,Barbee Synder,bsynderra@mtv.com,718-40-6608,65015 Morning Terrace,29/04/1945,22/10/2021
984,Massimo Point,mpointrb@gov.uk,530-83-7513,67429 4th Pass,26/04/1973,05/06/2022
985,Bill McLaren,bmclarenrc@shinystat.com,525-40-8573,9547 Monterey Road,11/12/1943,07/12/2022
986,Lorna Lowrey,llowreyrd@mozilla.org,185-42-4288,6209 Mallory Trail,08/03/1949,27/05/2019
987,Emlyn Lodder,elodderre@example.com,597-28-0729,33821 Talmadge Pass,19/11/1992,19/11/2019
988,Hadrian Frentz,hfrentzrf@utexas.edu,150-89-3031,820 Spenser Center,13/03/2008,19/10/2022
989,Almire Escofier,aescofierrg@icio.us,816-56-9931,0894 Larry Avenue,01/03/2009,06/12/2021
990,Nobie Fery,nferyrh@trellian.com,163-52-2598,1 Becker Circle,18/07/1941,23/06/2021
991,Roselle Stranger,rstrangerri@toplist.cz,676-72-4697,360 Dakota Plaza,25/03/1983,06/08/2019
992,Kaela Romei,kromeirj@gov.uk,110-41-1414,81 Gulseth Alley,28/12/1990,07/12/2018
993,Ardene Fishby,afishbyrk@bigcartel.com,769-16-2072,4 Southridge Court,02/11/1989,01/01/2020
994,Alejoa Going,agoingrl@opensource.org,548-66-2396,8965 Grayhawk Avenue,16/12/1964,19/05/2020
995,Hetty Finlayson,hfinlaysonrm@guardian.co.uk,445-59-8557,786 Artisan Alley,29/01/1950,06/02/2021
996,Erny Cashman,ecashmanrn@shop-pro.jp,540-87-7062,0101 Fairview Junction,17/03/1980,08/08/2019
997,Carleen Sommerland,csommerlandro@apache.org,576-14-8399,621 Ridgeway Road,07/09/1958,23/01/2019
998,Dilan Riha,driharp@bbb.org,867-76-5766,7900 Saint Paul Drive,12/11/1967,20/10/2022
999,Correy Hum,chumrq@hhs.gov,562-82-7183,526 Calypso Road,08/09/1976,21/07/2022
1000,Sunny Ingley,singleyrr@buzzfeed.com,299-90-0027,8 Holmberg Junction,30/10/1949,23/02/2020
